antecedents,consequents,antecedent support,consequent support,support,confidence,lift,representativity,leverage,conviction,zhangs_metric,jaccard,certainty,kulczynski
Big Master Wine,Chef's Mixed Platter,0.02096890817064353,0.02096890817064353,0.02096890817064353,1.0,47.689655172413794,1.0,0.020529213060774647,inf,1.0,1.0,1.0,1.0
Non-Veg Pizza,Tuborg,0.02096890817064353,0.02096890817064353,0.02096890817064353,1.0,47.689655172413794,1.0,0.020529213060774647,inf,1.0,1.0,1.0,1.0
Carlsberg,Tuborg,0.02096890817064353,0.02096890817064353,0.02096890817064353,1.0,47.689655172413794,1.0,0.020529213060774647,inf,1.0,1.0,1.0,1.0
Tuborg,Carlsberg,0.02096890817064353,0.02096890817064353,0.02096890817064353,1.0,47.689655172413794,1.0,0.020529213060774647,inf,1.0,1.0,1.0,1.0
Non-Veg Pizza,Carlsberg,0.02096890817064353,0.02096890817064353,0.02096890817064353,1.0,47.689655172413794,1.0,0.020529213060774647,inf,1.0,1.0,1.0,1.0
"Tuborg,Carlsberg",Non-Veg Pizza,0.02096890817064353,0.02096890817064353,0.02096890817064353,1.0,47.689655172413794,1.0,0.020529213060774647,inf,1.0,1.0,1.0,1.0
Carlsberg,"Non-Veg Pizza,Tuborg",0.02096890817064353,0.02096890817064353,0.02096890817064353,1.0,47.689655172413794,1.0,0.020529213060774647,inf,1.0,1.0,1.0,1.0
Tuborg,"Non-Veg Pizza,Carlsberg",0.02096890817064353,0.02096890817064353,0.02096890817064353,1.0,47.689655172413794,1.0,0.020529213060774647,inf,1.0,1.0,1.0,1.0
Carlsberg,Non-Veg Pizza,0.02096890817064353,0.02096890817064353,0.02096890817064353,1.0,47.689655172413794,1.0,0.020529213060774647,inf,1.0,1.0,1.0,1.0
Chef's Mixed Platter,Big Master Wine,0.02096890817064353,0.02096890817064353,0.02096890817064353,1.0,47.689655172413794,1.0,0.020529213060774647,inf,1.0,1.0,1.0,1.0
"Non-Veg Pizza,Tuborg",Carlsberg,0.02096890817064353,0.02096890817064353,0.02096890817064353,1.0,47.689655172413794,1.0,0.020529213060774647,inf,1.0,1.0,1.0,1.0
"Non-Veg Pizza,Carlsberg",Tuborg,0.02096890817064353,0.02096890817064353,0.02096890817064353,1.0,47.689655172413794,1.0,0.020529213060774647,inf,1.0,1.0,1.0,1.0
Tuborg,Non-Veg Pizza,0.02096890817064353,0.02096890817064353,0.02096890817064353,1.0,47.689655172413794,1.0,0.020529213060774647,inf,1.0,1.0,1.0,1.0
Non-Veg Pizza,"Tuborg,Carlsberg",0.02096890817064353,0.02096890817064353,0.02096890817064353,1.0,47.689655172413794,1.0,0.020529213060774647,inf,1.0,1.0,1.0,1.0
Ginger Lemonade,"Sadeko,Chatpate,Fresh Lime Soda",0.022415039768618944,0.022415039768618944,0.022415039768618944,1.0,44.612903225806456,1.0,0.021912605760790176,inf,1.0,1.0,1.0,1.0
Sadeko,"Chatpate,Fresh Lime Soda,Ginger Lemonade",0.022415039768618944,0.022415039768618944,0.022415039768618944,1.0,44.612903225806456,1.0,0.021912605760790176,inf,1.0,1.0,1.0,1.0
Sadeko,"Fresh Lime Soda,Ginger Lemonade",0.022415039768618944,0.022415039768618944,0.022415039768618944,1.0,44.612903225806456,1.0,0.021912605760790176,inf,1.0,1.0,1.0,1.0
Ginger Lemonade,"Sadeko,Fresh Lime Soda",0.022415039768618944,0.022415039768618944,0.022415039768618944,1.0,44.612903225806456,1.0,0.021912605760790176,inf,1.0,1.0,1.0,1.0
Ginger Lemonade,Sadeko,0.022415039768618944,0.022415039768618944,0.022415039768618944,1.0,44.612903225806456,1.0,0.021912605760790176,inf,1.0,1.0,1.0,1.0
Sadeko,Ginger Lemonade,0.022415039768618944,0.022415039768618944,0.022415039768618944,1.0,44.612903225806456,1.0,0.021912605760790176,inf,1.0,1.0,1.0,1.0
"Chatpate,Ginger Lemonade","Sadeko,Fresh Lime Soda",0.022415039768618944,0.022415039768618944,0.022415039768618944,1.0,44.612903225806456,1.0,0.021912605760790176,inf,1.0,1.0,1.0,1.0
"Fresh Lime Soda,Ginger Lemonade",Sadeko,0.022415039768618944,0.022415039768618944,0.022415039768618944,1.0,44.612903225806456,1.0,0.021912605760790176,inf,1.0,1.0,1.0,1.0
"Sadeko,Chatpate","Fresh Lime Soda,Ginger Lemonade",0.022415039768618944,0.022415039768618944,0.022415039768618944,1.0,44.612903225806456,1.0,0.021912605760790176,inf,1.0,1.0,1.0,1.0
"Chatpate,Fresh Lime Soda,Ginger Lemonade",Sadeko,0.022415039768618944,0.022415039768618944,0.022415039768618944,1.0,44.612903225806456,1.0,0.021912605760790176,inf,1.0,1.0,1.0,1.0
"Sadeko,Chatpate,Fresh Lime Soda",Ginger Lemonade,0.022415039768618944,0.022415039768618944,0.022415039768618944,1.0,44.612903225806456,1.0,0.021912605760790176,inf,1.0,1.0,1.0,1.0
"Sadeko,Fresh Lime Soda","Chatpate,Ginger Lemonade",0.022415039768618944,0.022415039768618944,0.022415039768618944,1.0,44.612903225806456,1.0,0.021912605760790176,inf,1.0,1.0,1.0,1.0
"Sadeko,Ginger Lemonade","Chatpate,Fresh Lime Soda",0.022415039768618944,0.022415039768618944,0.022415039768618944,1.0,44.612903225806456,1.0,0.021912605760790176,inf,1.0,1.0,1.0,1.0
"Chatpate,Fresh Lime Soda","Sadeko,Ginger Lemonade",0.022415039768618944,0.022415039768618944,0.022415039768618944,1.0,44.612903225806456,1.0,0.021912605760790176,inf,1.0,1.0,1.0,1.0
"Fresh Lime Soda,Ginger Lemonade","Sadeko,Chatpate",0.022415039768618944,0.022415039768618944,0.022415039768618944,1.0,44.612903225806456,1.0,0.021912605760790176,inf,1.0,1.0,1.0,1.0
"Chatpate,Fresh Lime Soda",Sadeko,0.022415039768618944,0.022415039768618944,0.022415039768618944,1.0,44.612903225806456,1.0,0.021912605760790176,inf,1.0,1.0,1.0,1.0
"Sadeko,Chatpate",Ginger Lemonade,0.022415039768618944,0.022415039768618944,0.022415039768618944,1.0,44.612903225806456,1.0,0.021912605760790176,inf,1.0,1.0,1.0,1.0
Sadeko,"Chatpate,Fresh Lime Soda",0.022415039768618944,0.022415039768618944,0.022415039768618944,1.0,44.612903225806456,1.0,0.021912605760790176,inf,1.0,1.0,1.0,1.0
"Sadeko,Fresh Lime Soda",Ginger Lemonade,0.022415039768618944,0.022415039768618944,0.022415039768618944,1.0,44.612903225806456,1.0,0.021912605760790176,inf,1.0,1.0,1.0,1.0
Ginger Lemonade,"Sadeko,Chatpate",0.022415039768618944,0.022415039768618944,0.022415039768618944,1.0,44.612903225806456,1.0,0.021912605760790176,inf,1.0,1.0,1.0,1.0
Ginger Lemonade,"Chatpate,Fresh Lime Soda",0.022415039768618944,0.022415039768618944,0.022415039768618944,1.0,44.612903225806456,1.0,0.021912605760790176,inf,1.0,1.0,1.0,1.0
"Chatpate,Fresh Lime Soda",Ginger Lemonade,0.022415039768618944,0.022415039768618944,0.022415039768618944,1.0,44.612903225806456,1.0,0.021912605760790176,inf,1.0,1.0,1.0,1.0
"Chatpate,Ginger Lemonade",Sadeko,0.022415039768618944,0.022415039768618944,0.022415039768618944,1.0,44.612903225806456,1.0,0.021912605760790176,inf,1.0,1.0,1.0,1.0
Sadeko,"Chatpate,Ginger Lemonade",0.022415039768618944,0.022415039768618944,0.022415039768618944,1.0,44.612903225806456,1.0,0.021912605760790176,inf,1.0,1.0,1.0,1.0
"Tea,Momo","Coffee,Soup",0.023138105567606652,0.023138105567606652,0.023138105567606652,1.0,43.21875,1.0,0.022602733638348943,inf,1.0,1.0,1.0,1.0
"Coffee,Soup","Tea,Momo",0.023138105567606652,0.023138105567606652,0.023138105567606652,1.0,43.21875,1.0,0.022602733638348943,inf,1.0,1.0,1.0,1.0
Samosa,"French Fries,Classic Mojito",0.02386117136659436,0.02386117136659436,0.02386117136659436,1.0,41.909090909090914,1.0,0.023291815867608378,inf,1.0,1.0,1.0,1.0
"French Fries,Classic Mojito",Samosa,0.02386117136659436,0.02386117136659436,0.02386117136659436,1.0,41.909090909090914,1.0,0.023291815867608378,inf,1.0,1.0,1.0,1.0
Samosa,"Fresh Lime Soda,French Fries",0.02386117136659436,0.02386117136659436,0.02386117136659436,1.0,41.909090909090914,1.0,0.023291815867608378,inf,1.0,1.0,1.0,1.0
"Samosa,Classic Mojito","Fresh Lime Soda,French Fries",0.02386117136659436,0.02386117136659436,0.02386117136659436,1.0,41.909090909090914,1.0,0.023291815867608378,inf,1.0,1.0,1.0,1.0
"Fresh Lime Soda,French Fries","Samosa,Classic Mojito",0.02386117136659436,0.02386117136659436,0.02386117136659436,1.0,41.909090909090914,1.0,0.023291815867608378,inf,1.0,1.0,1.0,1.0
"Samosa,Fresh Lime Soda","French Fries,Classic Mojito",0.02386117136659436,0.02386117136659436,0.02386117136659436,1.0,41.909090909090914,1.0,0.023291815867608378,inf,1.0,1.0,1.0,1.0
Samosa,"Fresh Lime Soda,French Fries,Classic Mojito",0.02386117136659436,0.02386117136659436,0.02386117136659436,1.0,41.909090909090914,1.0,0.023291815867608378,inf,1.0,1.0,1.0,1.0
"French Fries,Classic Mojito","Samosa,Fresh Lime Soda",0.02386117136659436,0.02386117136659436,0.02386117136659436,1.0,41.909090909090914,1.0,0.023291815867608378,inf,1.0,1.0,1.0,1.0
"Fresh Lime Soda,French Fries,Classic Mojito",Samosa,0.02386117136659436,0.02386117136659436,0.02386117136659436,1.0,41.909090909090914,1.0,0.023291815867608378,inf,1.0,1.0,1.0,1.0
"Fresh Lime Soda,French Fries",Samosa,0.02386117136659436,0.02386117136659436,0.02386117136659436,1.0,41.909090909090914,1.0,0.023291815867608378,inf,1.0,1.0,1.0,1.0
Signature Whisky,"Choila,Sekuwa,Gorkha Beer",0.024584237165582067,0.024584237165582067,0.024584237165582067,1.0,40.6764705882353,1.0,0.02397985244856848,inf,1.0,1.0,1.0,1.0
Signature Whisky,"Choila,Sekuwa",0.024584237165582067,0.024584237165582067,0.024584237165582067,1.0,40.6764705882353,1.0,0.02397985244856848,inf,1.0,1.0,1.0,1.0
"Choila,Sekuwa","Signature Whisky,Gorkha Beer",0.024584237165582067,0.024584237165582067,0.024584237165582067,1.0,40.6764705882353,1.0,0.02397985244856848,inf,1.0,1.0,1.0,1.0
"Signature Whisky,Gorkha Beer","Choila,Sekuwa",0.024584237165582067,0.024584237165582067,0.024584237165582067,1.0,40.6764705882353,1.0,0.02397985244856848,inf,1.0,1.0,1.0,1.0
"Choila,Sekuwa",Signature Whisky,0.024584237165582067,0.024584237165582067,0.024584237165582067,1.0,40.6764705882353,1.0,0.02397985244856848,inf,1.0,1.0,1.0,1.0
"Choila,Sekuwa,Gorkha Beer",Signature Whisky,0.024584237165582067,0.024584237165582067,0.024584237165582067,1.0,40.6764705882353,1.0,0.02397985244856848,inf,1.0,1.0,1.0,1.0
"Khukri Rum,Cold Drinks",Tandoori,0.0274765003615329,0.0274765003615329,0.0274765003615329,1.0,36.39473684210527,1.0,0.02672154228941558,inf,1.0,1.0,1.0,1.0
"Momo,Khukri Rum,Cold Drinks",Tandoori,0.0274765003615329,0.0274765003615329,0.0274765003615329,1.0,36.39473684210527,1.0,0.02672154228941558,inf,1.0,1.0,1.0,1.0
"Momo,Tandoori,Cold Drinks",Khukri Rum,0.0274765003615329,0.0274765003615329,0.0274765003615329,1.0,36.39473684210527,1.0,0.02672154228941558,inf,1.0,1.0,1.0,1.0
Khukri Rum,"Momo,Tandoori,Cold Drinks",0.0274765003615329,0.0274765003615329,0.0274765003615329,1.0,36.39473684210527,1.0,0.02672154228941558,inf,1.0,1.0,1.0,1.0
Tandoori,"Momo,Khukri Rum,Cold Drinks",0.0274765003615329,0.0274765003615329,0.0274765003615329,1.0,36.39473684210527,1.0,0.02672154228941558,inf,1.0,1.0,1.0,1.0
"Tandoori,Cold Drinks","Momo,Khukri Rum",0.0274765003615329,0.0274765003615329,0.0274765003615329,1.0,36.39473684210527,1.0,0.02672154228941558,inf,1.0,1.0,1.0,1.0
"Khukri Rum,Cold Drinks","Momo,Tandoori",0.0274765003615329,0.0274765003615329,0.0274765003615329,1.0,36.39473684210527,1.0,0.02672154228941558,inf,1.0,1.0,1.0,1.0
"Momo,Khukri Rum","Tandoori,Cold Drinks",0.0274765003615329,0.0274765003615329,0.0274765003615329,1.0,36.39473684210527,1.0,0.02672154228941558,inf,1.0,1.0,1.0,1.0
"Momo,Tandoori","Khukri Rum,Cold Drinks",0.0274765003615329,0.0274765003615329,0.0274765003615329,1.0,36.39473684210527,1.0,0.02672154228941558,inf,1.0,1.0,1.0,1.0
Khukri Rum,"Tandoori,Cold Drinks",0.0274765003615329,0.0274765003615329,0.0274765003615329,1.0,36.39473684210527,1.0,0.02672154228941558,inf,1.0,1.0,1.0,1.0
"Momo,Khukri Rum",Tandoori,0.0274765003615329,0.0274765003615329,0.0274765003615329,1.0,36.39473684210527,1.0,0.02672154228941558,inf,1.0,1.0,1.0,1.0
Tandoori,"Momo,Khukri Rum",0.0274765003615329,0.0274765003615329,0.0274765003615329,1.0,36.39473684210527,1.0,0.02672154228941558,inf,1.0,1.0,1.0,1.0
Khukri Rum,"Momo,Tandoori",0.0274765003615329,0.0274765003615329,0.0274765003615329,1.0,36.39473684210527,1.0,0.02672154228941558,inf,1.0,1.0,1.0,1.0
"Momo,Tandoori",Khukri Rum,0.0274765003615329,0.0274765003615329,0.0274765003615329,1.0,36.39473684210527,1.0,0.02672154228941558,inf,1.0,1.0,1.0,1.0
Tandoori,"Khukri Rum,Cold Drinks",0.0274765003615329,0.0274765003615329,0.0274765003615329,1.0,36.39473684210527,1.0,0.02672154228941558,inf,1.0,1.0,1.0,1.0
"Tandoori,Cold Drinks",Khukri Rum,0.0274765003615329,0.0274765003615329,0.0274765003615329,1.0,36.39473684210527,1.0,0.02672154228941558,inf,1.0,1.0,1.0,1.0
Khukri Rum,Tandoori,0.0274765003615329,0.0274765003615329,0.0274765003615329,1.0,36.39473684210527,1.0,0.02672154228941558,inf,1.0,1.0,1.0,1.0
Tandoori,Khukri Rum,0.0274765003615329,0.0274765003615329,0.0274765003615329,1.0,36.39473684210527,1.0,0.02672154228941558,inf,1.0,1.0,1.0,1.0
"Momo,Mango Mojito","Strawberry Mojito,Spring Roll",0.03036876355748373,0.03036876355748373,0.03036876355748373,1.0,32.92857142857143,1.0,0.02944650175747338,inf,1.0000000000000002,1.0,1.0,1.0
"Strawberry Mojito,Spring Roll","Momo,Mango Mojito",0.03036876355748373,0.03036876355748373,0.03036876355748373,1.0,32.92857142857143,1.0,0.02944650175747338,inf,1.0000000000000002,1.0,1.0,1.0
"Strawberry Mojito,Mango Mojito","Spring Roll,Momo",0.03036876355748373,0.03036876355748373,0.03036876355748373,1.0,32.92857142857143,1.0,0.02944650175747338,inf,1.0000000000000002,1.0,1.0,1.0
"Spring Roll,Mango Mojito","Strawberry Mojito,Momo",0.03036876355748373,0.03036876355748373,0.03036876355748373,1.0,32.92857142857143,1.0,0.02944650175747338,inf,1.0000000000000002,1.0,1.0,1.0
Spring Roll,"Momo,Mango Mojito",0.03036876355748373,0.03036876355748373,0.03036876355748373,1.0,32.92857142857143,1.0,0.02944650175747338,inf,1.0000000000000002,1.0,1.0,1.0
"Momo,Mango Mojito",Spring Roll,0.03036876355748373,0.03036876355748373,0.03036876355748373,1.0,32.92857142857143,1.0,0.02944650175747338,inf,1.0000000000000002,1.0,1.0,1.0
"Strawberry Mojito,Momo",Mango Mojito,0.03036876355748373,0.03036876355748373,0.03036876355748373,1.0,32.92857142857143,1.0,0.02944650175747338,inf,1.0000000000000002,1.0,1.0,1.0
Mango Mojito,"Spring Roll,Momo",0.03036876355748373,0.03036876355748373,0.03036876355748373,1.0,32.92857142857143,1.0,0.02944650175747338,inf,1.0000000000000002,1.0,1.0,1.0
"Spring Roll,Momo",Strawberry Mojito,0.03036876355748373,0.03036876355748373,0.03036876355748373,1.0,32.92857142857143,1.0,0.02944650175747338,inf,1.0000000000000002,1.0,1.0,1.0
"Spring Roll,Mango Mojito",Strawberry Mojito,0.03036876355748373,0.03036876355748373,0.03036876355748373,1.0,32.92857142857143,1.0,0.02944650175747338,inf,1.0000000000000002,1.0,1.0,1.0
Spring Roll,"Momo,Strawberry Mojito,Mango Mojito",0.03036876355748373,0.03036876355748373,0.03036876355748373,1.0,32.92857142857143,1.0,0.02944650175747338,inf,1.0000000000000002,1.0,1.0,1.0
Strawberry Mojito,"Momo,Spring Roll,Mango Mojito",0.03036876355748373,0.03036876355748373,0.03036876355748373,1.0,32.92857142857143,1.0,0.02944650175747338,inf,1.0000000000000002,1.0,1.0,1.0
"Strawberry Mojito,Momo","Spring Roll,Mango Mojito",0.03036876355748373,0.03036876355748373,0.03036876355748373,1.0,32.92857142857143,1.0,0.02944650175747338,inf,1.0000000000000002,1.0,1.0,1.0
"Momo,Strawberry Mojito,Mango Mojito",Spring Roll,0.03036876355748373,0.03036876355748373,0.03036876355748373,1.0,32.92857142857143,1.0,0.02944650175747338,inf,1.0000000000000002,1.0,1.0,1.0
"Strawberry Mojito,Spring Roll,Momo",Mango Mojito,0.03036876355748373,0.03036876355748373,0.03036876355748373,1.0,32.92857142857143,1.0,0.02944650175747338,inf,1.0000000000000002,1.0,1.0,1.0
"Momo,Spring Roll,Mango Mojito",Strawberry Mojito,0.03036876355748373,0.03036876355748373,0.03036876355748373,1.0,32.92857142857143,1.0,0.02944650175747338,inf,1.0000000000000002,1.0,1.0,1.0
"Spring Roll,Momo","Strawberry Mojito,Mango Mojito",0.03036876355748373,0.03036876355748373,0.03036876355748373,1.0,32.92857142857143,1.0,0.02944650175747338,inf,1.0000000000000002,1.0,1.0,1.0
Mango Mojito,"Strawberry Mojito,Spring Roll,Momo",0.03036876355748373,0.03036876355748373,0.03036876355748373,1.0,32.92857142857143,1.0,0.02944650175747338,inf,1.0000000000000002,1.0,1.0,1.0
"Strawberry Mojito,Spring Roll",Mango Mojito,0.03036876355748373,0.03036876355748373,0.03036876355748373,1.0,32.92857142857143,1.0,0.02944650175747338,inf,1.0000000000000002,1.0,1.0,1.0
"Strawberry Mojito,Mango Mojito",Spring Roll,0.03036876355748373,0.03036876355748373,0.03036876355748373,1.0,32.92857142857143,1.0,0.02944650175747338,inf,1.0000000000000002,1.0,1.0,1.0
Spring Roll,Mango Mojito,0.03036876355748373,0.03036876355748373,0.03036876355748373,1.0,32.92857142857143,1.0,0.02944650175747338,inf,1.0000000000000002,1.0,1.0,1.0
Strawberry Mojito,Mango Mojito,0.03036876355748373,0.03036876355748373,0.03036876355748373,1.0,32.92857142857143,1.0,0.02944650175747338,inf,1.0000000000000002,1.0,1.0,1.0
Mango Mojito,Spring Roll,0.03036876355748373,0.03036876355748373,0.03036876355748373,1.0,32.92857142857143,1.0,0.02944650175747338,inf,1.0000000000000002,1.0,1.0,1.0
Spring Roll,"Strawberry Mojito,Momo",0.03036876355748373,0.03036876355748373,0.03036876355748373,1.0,32.92857142857143,1.0,0.02944650175747338,inf,1.0000000000000002,1.0,1.0,1.0
Mango Mojito,"Strawberry Mojito,Momo",0.03036876355748373,0.03036876355748373,0.03036876355748373,1.0,32.92857142857143,1.0,0.02944650175747338,inf,1.0000000000000002,1.0,1.0,1.0
Strawberry Mojito,"Momo,Mango Mojito",0.03036876355748373,0.03036876355748373,0.03036876355748373,1.0,32.92857142857143,1.0,0.02944650175747338,inf,1.0000000000000002,1.0,1.0,1.0
Spring Roll,"Strawberry Mojito,Mango Mojito",0.03036876355748373,0.03036876355748373,0.03036876355748373,1.0,32.92857142857143,1.0,0.02944650175747338,inf,1.0000000000000002,1.0,1.0,1.0
Strawberry Mojito,"Spring Roll,Mango Mojito",0.03036876355748373,0.03036876355748373,0.03036876355748373,1.0,32.92857142857143,1.0,0.02944650175747338,inf,1.0000000000000002,1.0,1.0,1.0
Strawberry Mojito,"Spring Roll,Momo",0.03036876355748373,0.03036876355748373,0.03036876355748373,1.0,32.92857142857143,1.0,0.02944650175747338,inf,1.0000000000000002,1.0,1.0,1.0
"Strawberry Mojito,Momo",Spring Roll,0.03036876355748373,0.03036876355748373,0.03036876355748373,1.0,32.92857142857143,1.0,0.02944650175747338,inf,1.0000000000000002,1.0,1.0,1.0
Mango Mojito,Strawberry Mojito,0.03036876355748373,0.03036876355748373,0.03036876355748373,1.0,32.92857142857143,1.0,0.02944650175747338,inf,1.0000000000000002,1.0,1.0,1.0
"Momo,Mango Mojito",Strawberry Mojito,0.03036876355748373,0.03036876355748373,0.03036876355748373,1.0,32.92857142857143,1.0,0.02944650175747338,inf,1.0000000000000002,1.0,1.0,1.0
Spring Roll,Strawberry Mojito,0.03036876355748373,0.03036876355748373,0.03036876355748373,1.0,32.92857142857143,1.0,0.02944650175747338,inf,1.0000000000000002,1.0,1.0,1.0
Strawberry Mojito,Spring Roll,0.03036876355748373,0.03036876355748373,0.03036876355748373,1.0,32.92857142857143,1.0,0.02944650175747338,inf,1.0000000000000002,1.0,1.0,1.0
"Spring Roll,Momo",Mango Mojito,0.03036876355748373,0.03036876355748373,0.03036876355748373,1.0,32.92857142857143,1.0,0.02944650175747338,inf,1.0000000000000002,1.0,1.0,1.0
Mango Mojito,"Strawberry Mojito,Spring Roll",0.03036876355748373,0.03036876355748373,0.03036876355748373,1.0,32.92857142857143,1.0,0.02944650175747338,inf,1.0000000000000002,1.0,1.0,1.0
Pancakes,"Coffee,Cold Drinks",0.03759942154736081,0.03759942154736081,0.03759942154736081,1.0,26.596153846153847,1.0,0.03618570504666467,inf,1.0,1.0,1.0,1.0
"Coffee,Cold Drinks",Pancakes,0.03759942154736081,0.03759942154736081,0.03759942154736081,1.0,26.596153846153847,1.0,0.03618570504666467,inf,1.0,1.0,1.0,1.0
"French Toast,Pancakes","Coffee,Cold Drinks",0.03759942154736081,0.03759942154736081,0.03759942154736081,1.0,26.596153846153847,1.0,0.03618570504666467,inf,1.0,1.0,1.0,1.0
"French Toast,Coffee","Pancakes,Cold Drinks",0.03759942154736081,0.03759942154736081,0.03759942154736081,1.0,26.596153846153847,1.0,0.03618570504666467,inf,1.0,1.0,1.0,1.0
Pancakes,"French Toast,Coffee,Cold Drinks",0.03759942154736081,0.03759942154736081,0.03759942154736081,1.0,26.596153846153847,1.0,0.03618570504666467,inf,1.0,1.0,1.0,1.0
French Toast,"Coffee,Pancakes,Cold Drinks",0.03759942154736081,0.03759942154736081,0.03759942154736081,1.0,26.596153846153847,1.0,0.03618570504666467,inf,1.0,1.0,1.0,1.0
"Coffee,Cold Drinks",French Toast,0.03759942154736081,0.03759942154736081,0.03759942154736081,1.0,26.596153846153847,1.0,0.03618570504666467,inf,1.0,1.0,1.0,1.0
French Toast,"Coffee,Cold Drinks",0.03759942154736081,0.03759942154736081,0.03759942154736081,1.0,26.596153846153847,1.0,0.03618570504666467,inf,1.0,1.0,1.0,1.0
"French Toast,Coffee",Pancakes,0.03759942154736081,0.03759942154736081,0.03759942154736081,1.0,26.596153846153847,1.0,0.03618570504666467,inf,1.0,1.0,1.0,1.0
"Coffee,Pancakes",French Toast,0.03759942154736081,0.03759942154736081,0.03759942154736081,1.0,26.596153846153847,1.0,0.03618570504666467,inf,1.0,1.0,1.0,1.0
Pancakes,"French Toast,Coffee",0.03759942154736081,0.03759942154736081,0.03759942154736081,1.0,26.596153846153847,1.0,0.03618570504666467,inf,1.0,1.0,1.0,1.0
French Toast,"Coffee,Pancakes",0.03759942154736081,0.03759942154736081,0.03759942154736081,1.0,26.596153846153847,1.0,0.03618570504666467,inf,1.0,1.0,1.0,1.0
"French Toast,Coffee,Cold Drinks",Pancakes,0.03759942154736081,0.03759942154736081,0.03759942154736081,1.0,26.596153846153847,1.0,0.03618570504666467,inf,1.0,1.0,1.0,1.0
"Coffee,Pancakes,Cold Drinks",French Toast,0.03759942154736081,0.03759942154736081,0.03759942154736081,1.0,26.596153846153847,1.0,0.03618570504666467,inf,1.0,1.0,1.0,1.0
"Pancakes,Cold Drinks","French Toast,Coffee",0.03759942154736081,0.03759942154736081,0.03759942154736081,1.0,26.596153846153847,1.0,0.03618570504666467,inf,1.0,1.0,1.0,1.0
"Coffee,Cold Drinks","French Toast,Pancakes",0.03759942154736081,0.03759942154736081,0.03759942154736081,1.0,26.596153846153847,1.0,0.03618570504666467,inf,1.0,1.0,1.0,1.0
"Coffee,Pancakes","French Toast,Cold Drinks",0.03759942154736081,0.03759942154736081,0.03759942154736081,1.0,26.596153846153847,1.0,0.03618570504666467,inf,1.0,1.0,1.0,1.0
"French Toast,Cold Drinks","Coffee,Pancakes",0.03759942154736081,0.03759942154736081,0.03759942154736081,1.0,26.596153846153847,1.0,0.03618570504666467,inf,1.0,1.0,1.0,1.0
Pancakes,French Toast,0.03759942154736081,0.03759942154736081,0.03759942154736081,1.0,26.596153846153847,1.0,0.03618570504666467,inf,1.0,1.0,1.0,1.0
French Toast,Pancakes,0.03759942154736081,0.03759942154736081,0.03759942154736081,1.0,26.596153846153847,1.0,0.03618570504666467,inf,1.0,1.0,1.0,1.0
French Toast,"Pancakes,Cold Drinks",0.03759942154736081,0.03759942154736081,0.03759942154736081,1.0,26.596153846153847,1.0,0.03618570504666467,inf,1.0,1.0,1.0,1.0
Pancakes,"French Toast,Cold Drinks",0.03759942154736081,0.03759942154736081,0.03759942154736081,1.0,26.596153846153847,1.0,0.03618570504666467,inf,1.0,1.0,1.0,1.0
"French Toast,Cold Drinks",Pancakes,0.03759942154736081,0.03759942154736081,0.03759942154736081,1.0,26.596153846153847,1.0,0.03618570504666467,inf,1.0,1.0,1.0,1.0
"Pancakes,Cold Drinks",French Toast,0.03759942154736081,0.03759942154736081,0.03759942154736081,1.0,26.596153846153847,1.0,0.03618570504666467,inf,1.0,1.0,1.0,1.0
Chatpate,Ginger Lemonade,0.04193781634128706,0.022415039768618944,0.022415039768618944,0.5344827586206896,23.844827586206897,1.0,0.02147500194751996,2.099997321978522,1.0,0.5344827586206896,0.5238089165476433,0.7672413793103448
Ginger Lemonade,Chatpate,0.022415039768618944,0.04193781634128706,0.022415039768618944,1.0,23.844827586206897,1.0,0.02147500194751996,inf,0.9800295857988166,0.5344827586206896,1.0,0.7672413793103448
Sadeko,Chatpate,0.022415039768618944,0.04193781634128706,0.022415039768618944,1.0,23.844827586206897,1.0,0.02147500194751996,inf,0.9800295857988166,0.5344827586206896,1.0,0.7672413793103448
Chatpate,Sadeko,0.04193781634128706,0.022415039768618944,0.022415039768618944,0.5344827586206896,23.844827586206897,1.0,0.02147500194751996,2.099997321978522,1.0,0.5344827586206896,0.5238089165476433,0.7672413793103448
Chatpate,"Sadeko,Ginger Lemonade",0.04193781634128706,0.022415039768618944,0.022415039768618944,0.5344827586206896,23.844827586206897,1.0,0.02147500194751996,2.099997321978522,1.0,0.5344827586206896,0.5238089165476433,0.7672413793103448
"Sadeko,Ginger Lemonade",Chatpate,0.022415039768618944,0.04193781634128706,0.022415039768618944,1.0,23.844827586206897,1.0,0.02147500194751996,inf,0.9800295857988166,0.5344827586206896,1.0,0.7672413793103448
"Fresh Lime Soda,Ginger Lemonade",Chatpate,0.022415039768618944,0.04193781634128706,0.022415039768618944,1.0,23.844827586206897,1.0,0.02147500194751996,inf,0.9800295857988166,0.5344827586206896,1.0,0.7672413793103448
Chatpate,"Fresh Lime Soda,Ginger Lemonade",0.04193781634128706,0.022415039768618944,0.022415039768618944,0.5344827586206896,23.844827586206897,1.0,0.02147500194751996,2.099997321978522,1.0,0.5344827586206896,0.5238089165476433,0.7672413793103448
"Sadeko,Fresh Lime Soda,Ginger Lemonade",Chatpate,0.022415039768618944,0.04193781634128706,0.022415039768618944,1.0,23.844827586206897,1.0,0.02147500194751996,inf,0.9800295857988166,0.5344827586206896,1.0,0.7672413793103448
Chatpate,"Sadeko,Fresh Lime Soda,Ginger Lemonade",0.04193781634128706,0.022415039768618944,0.022415039768618944,0.5344827586206896,23.844827586206897,1.0,0.02147500194751996,2.099997321978522,1.0,0.5344827586206896,0.5238089165476433,0.7672413793103448
"Sadeko,Fresh Lime Soda",Chatpate,0.022415039768618944,0.04193781634128706,0.022415039768618944,1.0,23.844827586206897,1.0,0.02147500194751996,inf,0.9800295857988166,0.5344827586206896,1.0,0.7672413793103448
Chatpate,"Sadeko,Fresh Lime Soda",0.04193781634128706,0.022415039768618944,0.022415039768618944,0.5344827586206896,23.844827586206897,1.0,0.02147500194751996,2.099997321978522,1.0,0.5344827586206896,0.5238089165476433,0.7672413793103448
Soup,"Coffee,Tea,Momo",0.04266088214027477,0.023138105567606652,0.023138105567606652,0.5423728813559321,23.440677966101692,1.0,0.02215101357303775,2.1346241396855996,1.0,0.5423728813559321,0.5315334529350512,0.771186440677966
"Coffee,Tea,Momo",Soup,0.023138105567606652,0.04266088214027477,0.023138105567606652,1.0,23.440677966101692,1.0,0.02215101357303775,inf,0.9800148038490007,0.5423728813559321,1.0,0.771186440677966
"Soup,Tea","Coffee,Momo",0.04266088214027477,0.023138105567606652,0.023138105567606652,0.5423728813559321,23.440677966101692,1.0,0.02215101357303775,2.1346241396855996,1.0,0.5423728813559321,0.5315334529350512,0.771186440677966
"Coffee,Momo","Soup,Tea",0.023138105567606652,0.04266088214027477,0.023138105567606652,1.0,23.440677966101692,1.0,0.02215101357303775,inf,0.9800148038490007,0.5423728813559321,1.0,0.771186440677966
Soup,"Coffee,Momo",0.04266088214027477,0.023138105567606652,0.023138105567606652,0.5423728813559321,23.440677966101692,1.0,0.02215101357303775,2.1346241396855996,1.0,0.5423728813559321,0.5315334529350512,0.771186440677966
"Coffee,Momo",Soup,0.023138105567606652,0.04266088214027477,0.023138105567606652,1.0,23.440677966101692,1.0,0.02215101357303775,inf,0.9800148038490007,0.5423728813559321,1.0,0.771186440677966
"Tea,Momo",Soup,0.023138105567606652,0.04266088214027477,0.023138105567606652,1.0,23.440677966101692,1.0,0.02215101357303775,inf,0.9800148038490007,0.5423728813559321,1.0,0.771186440677966
Soup,"Tea,Momo",0.04266088214027477,0.023138105567606652,0.023138105567606652,0.5423728813559321,23.440677966101692,1.0,0.02215101357303775,2.1346241396855996,1.0,0.5423728813559321,0.5315334529350512,0.771186440677966
"Buff Sukuti,Gorkha Beer","Old Durbar,Sekuwa",0.0549530007230658,0.035430224150397684,0.035430224150397684,0.6447368421052632,18.197368421052634,1.0,0.0334832270170425,2.715085294984066,1.0,0.6447368421052632,0.6316874457508088,0.8223684210526316
Buff Sukuti,"Old Durbar,Sekuwa,Gorkha Beer",0.0549530007230658,0.035430224150397684,0.035430224150397684,0.6447368421052632,18.197368421052634,1.0,0.0334832270170425,2.715085294984066,1.0,0.6447368421052632,0.6316874457508088,0.8223684210526316
"Old Durbar,Sekuwa,Gorkha Beer",Buff Sukuti,0.035430224150397684,0.0549530007230658,0.035430224150397684,1.0,18.197368421052634,1.0,0.0334832270170425,inf,0.97976011994003,0.6447368421052632,1.0,0.8223684210526316
"Old Durbar,Sekuwa","Buff Sukuti,Gorkha Beer",0.035430224150397684,0.0549530007230658,0.035430224150397684,1.0,18.197368421052634,1.0,0.0334832270170425,inf,0.97976011994003,0.6447368421052632,1.0,0.8223684210526316
"Old Durbar,Sekuwa",Buff Sukuti,0.035430224150397684,0.0549530007230658,0.035430224150397684,1.0,18.197368421052634,1.0,0.0334832270170425,inf,0.97976011994003,0.6447368421052632,1.0,0.8223684210526316
Buff Sukuti,"Old Durbar,Sekuwa",0.0549530007230658,0.035430224150397684,0.035430224150397684,0.6447368421052632,18.197368421052634,1.0,0.0334832270170425,2.715085294984066,1.0,0.6447368421052632,0.6316874457508088,0.8223684210526316
"Old Durbar,Gorkha Beer",Grill Platter,0.05856832971800434,0.023138105567606652,0.023138105567606652,0.39506172839506176,17.074074074074076,1.0,0.021782945371673072,1.6148125193678338,0.9999999999999999,0.3950617283950617,0.3807330646708885,0.6975308641975309
"Old Durbar,Gorkha Beer","Sekuwa,Buff Sukuti",0.05856832971800434,0.035430224150397684,0.035430224150397684,0.6049382716049383,17.074074074074076,1.0,0.03335513510037439,2.4415672451193062,1.0,0.6049382716049382,0.5904270087178634,0.8024691358024691
Grill Platter,"Old Durbar,Gorkha Beer",0.023138105567606652,0.05856832971800434,0.023138105567606652,1.0,17.074074074074073,1.0,0.021782945371673072,inf,0.9637305699481864,0.3950617283950617,1.0,0.6975308641975309
"Sekuwa,Buff Sukuti","Old Durbar,Gorkha Beer",0.035430224150397684,0.05856832971800434,0.035430224150397684,1.0,17.074074074074073,1.0,0.03335513510037439,inf,0.9760119940029984,0.6049382716049382,1.0,0.8024691358024691
"Fresh Lime Soda,Classic Mojito",Samosa,0.06073752711496746,0.02386117136659436,0.02386117136659436,0.39285714285714285,16.464285714285715,1.0,0.02241190282372095,1.607758070690315,1.0,0.39285714285714285,0.37801587301587297,0.6964285714285714
"Samosa,French Fries","Fresh Lime Soda,Classic Mojito",0.02386117136659436,0.06073752711496746,0.02386117136659436,1.0,16.464285714285715,1.0,0.02241190282372095,inf,0.9622222222222222,0.39285714285714285,1.0,0.6964285714285714
"Fresh Lime Soda,Classic Mojito","Samosa,French Fries",0.06073752711496746,0.02386117136659436,0.02386117136659436,0.39285714285714285,16.464285714285715,1.0,0.02241190282372095,1.607758070690315,1.0,0.39285714285714285,0.37801587301587297,0.6964285714285714
Samosa,"Fresh Lime Soda,Classic Mojito",0.02386117136659436,0.06073752711496746,0.02386117136659436,1.0,16.464285714285715,1.0,0.02241190282372095,inf,0.9622222222222222,0.39285714285714285,1.0,0.6964285714285714
French Fries,"Samosa,Fresh Lime Soda",0.06796818510484454,0.02386117136659436,0.02386117136659436,0.35106382978723405,14.712765957446809,1.0,0.022239370854331256,1.504213932648199,1.0,0.35106382978723405,0.3352009456264775,0.675531914893617
French Fries,"Samosa,Classic Mojito",0.06796818510484454,0.02386117136659436,0.02386117136659436,0.35106382978723405,14.712765957446809,1.0,0.022239370854331256,1.504213932648199,1.0,0.35106382978723405,0.3352009456264775,0.675531914893617
"Samosa,Fresh Lime Soda",French Fries,0.02386117136659436,0.06796818510484454,0.02386117136659436,1.0,14.712765957446809,1.0,0.022239370854331256,inf,0.9548148148148147,0.35106382978723405,1.0,0.675531914893617
"Samosa,Classic Mojito",French Fries,0.02386117136659436,0.06796818510484454,0.02386117136659436,1.0,14.712765957446809,1.0,0.022239370854331256,inf,0.9548148148148147,0.35106382978723405,1.0,0.675531914893617
French Fries,Samosa,0.06796818510484454,0.02386117136659436,0.02386117136659436,0.35106382978723405,14.712765957446809,1.0,0.022239370854331256,1.504213932648199,1.0,0.35106382978723405,0.3352009456264775,0.675531914893617
French Fries,"Samosa,Fresh Lime Soda,Classic Mojito",0.06796818510484454,0.02386117136659436,0.02386117136659436,0.35106382978723405,14.712765957446809,1.0,0.022239370854331256,1.504213932648199,1.0,0.35106382978723405,0.3352009456264775,0.675531914893617
"Samosa,Fresh Lime Soda,Classic Mojito",French Fries,0.02386117136659436,0.06796818510484454,0.02386117136659436,1.0,14.712765957446809,1.0,0.022239370854331256,inf,0.9548148148148147,0.35106382978723405,1.0,0.675531914893617
Samosa,French Fries,0.02386117136659436,0.06796818510484454,0.02386117136659436,1.0,14.712765957446809,1.0,0.022239370854331256,inf,0.9548148148148147,0.35106382978723405,1.0,0.675531914893617
"Khukri Rum,Tandoori","Momo,Cold Drinks",0.0274765003615329,0.07158351409978309,0.0274765003615329,1.0,13.969696969696969,1.0,0.025509635910490415,inf,0.954646840148699,0.3838383838383838,1.0,0.6919191919191918
Khukri Rum,"Momo,Cold Drinks",0.0274765003615329,0.07158351409978309,0.0274765003615329,1.0,13.969696969696969,1.0,0.025509635910490415,inf,0.954646840148699,0.3838383838383838,1.0,0.6919191919191918
Tandoori,"Momo,Cold Drinks",0.0274765003615329,0.07158351409978309,0.0274765003615329,1.0,13.969696969696969,1.0,0.025509635910490415,inf,0.954646840148699,0.3838383838383838,1.0,0.6919191919191918
"Momo,Cold Drinks","Khukri Rum,Tandoori",0.07158351409978309,0.0274765003615329,0.0274765003615329,0.38383838383838376,13.969696969696967,1.0,0.025509635910490415,1.5783578108886596,1.0000000000000002,0.3838383838383838,0.3664301002590965,0.6919191919191918
"Momo,Cold Drinks",Khukri Rum,0.07158351409978309,0.0274765003615329,0.0274765003615329,0.38383838383838376,13.969696969696967,1.0,0.025509635910490415,1.5783578108886596,1.0000000000000002,0.3838383838383838,0.3664301002590965,0.6919191919191918
"Momo,Cold Drinks",Tandoori,0.07158351409978309,0.0274765003615329,0.0274765003615329,0.38383838383838376,13.969696969696967,1.0,0.025509635910490415,1.5783578108886596,1.0000000000000002,0.3838383838383838,0.3664301002590965,0.6919191919191918
Nepal Ice,"Choila,Momo",0.07519884309472162,0.05567606652205351,0.05567606652205351,0.7403846153846155,13.298076923076925,1.0,0.05148929073153032,3.6373958919150553,1.0,0.7403846153846155,0.725078042172223,0.8701923076923077
Nepal Ice,"Choila,Momo,Gorkha Beer",0.07519884309472162,0.05567606652205351,0.05567606652205351,0.7403846153846155,13.298076923076925,1.0,0.05148929073153032,3.6373958919150553,1.0,0.7403846153846155,0.725078042172223,0.8701923076923077
"Nepal Ice,Gorkha Beer","Choila,Momo",0.07519884309472162,0.05567606652205351,0.05567606652205351,0.7403846153846155,13.298076923076925,1.0,0.05148929073153032,3.6373958919150553,1.0,0.7403846153846155,0.725078042172223,0.8701923076923077
"Choila,Momo","Nepal Ice,Gorkha Beer",0.05567606652205351,0.07519884309472162,0.05567606652205351,1.0,13.298076923076923,1.0,0.05148929073153032,inf,0.9793261868300153,0.7403846153846155,1.0,0.8701923076923077
"Choila,Momo,Gorkha Beer",Nepal Ice,0.05567606652205351,0.07519884309472162,0.05567606652205351,1.0,13.298076923076923,1.0,0.05148929073153032,inf,0.9793261868300153,0.7403846153846155,1.0,0.8701923076923077
"Choila,Momo",Nepal Ice,0.05567606652205351,0.07519884309472162,0.05567606652205351,1.0,13.298076923076923,1.0,0.05148929073153032,inf,0.9793261868300153,0.7403846153846155,1.0,0.8701923076923077
"Samosa,French Fries",Classic Mojito,0.02386117136659436,0.07953723788864786,0.02386117136659436,1.0,12.572727272727274,1.0,0.02196331970330775,inf,0.9429629629629629,0.30000000000000004,1.0,0.65
"Fresh Lime Soda,French Fries",Classic Mojito,0.02386117136659436,0.07953723788864786,0.02386117136659436,1.0,12.572727272727274,1.0,0.02196331970330775,inf,0.9429629629629629,0.30000000000000004,1.0,0.65
Samosa,Classic Mojito,0.02386117136659436,0.07953723788864786,0.02386117136659436,1.0,12.572727272727274,1.0,0.02196331970330775,inf,0.9429629629629629,0.30000000000000004,1.0,0.65
"Samosa,Fresh Lime Soda,French Fries",Classic Mojito,0.02386117136659436,0.07953723788864786,0.02386117136659436,1.0,12.572727272727274,1.0,0.02196331970330775,inf,0.9429629629629629,0.30000000000000004,1.0,0.65
"Samosa,Fresh Lime Soda",Classic Mojito,0.02386117136659436,0.07953723788864786,0.02386117136659436,1.0,12.572727272727274,1.0,0.02196331970330775,inf,0.9429629629629629,0.30000000000000004,1.0,0.65
Classic Mojito,"Samosa,Fresh Lime Soda",0.07953723788864786,0.02386117136659436,0.02386117136659436,0.3,12.572727272727272,1.0,0.02196331970330775,1.3944840409048653,1.0,0.30000000000000004,0.28288888888888886,0.65
Classic Mojito,"Samosa,French Fries",0.07953723788864786,0.02386117136659436,0.02386117136659436,0.3,12.572727272727272,1.0,0.02196331970330775,1.3944840409048653,1.0,0.30000000000000004,0.28288888888888886,0.65
Classic Mojito,"Fresh Lime Soda,French Fries",0.07953723788864786,0.02386117136659436,0.02386117136659436,0.3,12.572727272727272,1.0,0.02196331970330775,1.3944840409048653,1.0,0.30000000000000004,0.28288888888888886,0.65
Classic Mojito,Samosa,0.07953723788864786,0.02386117136659436,0.02386117136659436,0.3,12.572727272727272,1.0,0.02196331970330775,1.3944840409048653,1.0,0.30000000000000004,0.28288888888888886,0.65
Classic Mojito,"Samosa,Fresh Lime Soda,French Fries",0.07953723788864786,0.02386117136659436,0.02386117136659436,0.3,12.572727272727272,1.0,0.02196331970330775,1.3944840409048653,1.0,0.30000000000000004,0.28288888888888886,0.65
"Choila,Gorkha Beer",Signature Whisky,0.08026030368763558,0.024584237165582067,0.024584237165582067,0.3063063063063063,12.45945945945946,1.0,0.022611098824743592,1.406118826943122,1.0,0.3063063063063063,0.2888225512391561,0.6531531531531531
Choila,"Nepal Ice,Momo",0.08026030368763558,0.05567606652205351,0.05567606652205351,0.6936936936936937,12.45945945945946,1.0,0.05120748851486049,3.0829399004721196,1.0,0.6936936936936938,0.6756342866603203,0.8468468468468469
Choila,"Sekuwa,Signature Whisky",0.08026030368763558,0.024584237165582067,0.024584237165582067,0.3063063063063063,12.45945945945946,1.0,0.022611098824743592,1.406118826943122,1.0,0.3063063063063063,0.2888225512391561,0.6531531531531531
"Signature Whisky,Gorkha Beer",Choila,0.024584237165582067,0.08026030368763558,0.024584237165582067,1.0,12.45945945945946,1.0,0.022611098824743592,inf,0.9429206819866568,0.3063063063063063,1.0,0.6531531531531531
Signature Whisky,"Choila,Gorkha Beer",0.024584237165582067,0.08026030368763558,0.024584237165582067,1.0,12.45945945945946,1.0,0.022611098824743592,inf,0.9429206819866568,0.3063063063063063,1.0,0.6531531531531531
Choila,"Signature Whisky,Gorkha Beer",0.08026030368763558,0.024584237165582067,0.024584237165582067,0.3063063063063063,12.45945945945946,1.0,0.022611098824743592,1.406118826943122,1.0,0.3063063063063063,0.2888225512391561,0.6531531531531531
"Sekuwa,Signature Whisky",Choila,0.024584237165582067,0.08026030368763558,0.024584237165582067,1.0,12.45945945945946,1.0,0.022611098824743592,inf,0.9429206819866568,0.3063063063063063,1.0,0.6531531531531531
"Nepal Ice,Momo",Choila,0.05567606652205351,0.08026030368763558,0.05567606652205351,1.0,12.45945945945946,1.0,0.05120748851486049,inf,0.9739663093415006,0.6936936936936938,1.0,0.8468468468468469
"Choila,Gorkha Beer","Nepal Ice,Momo",0.08026030368763558,0.05567606652205351,0.05567606652205351,0.6936936936936937,12.45945945945946,1.0,0.05120748851486049,3.0829399004721196,1.0,0.6936936936936938,0.6756342866603203,0.8468468468468469
"Sekuwa,Signature Whisky","Choila,Gorkha Beer",0.024584237165582067,0.08026030368763558,0.024584237165582067,1.0,12.45945945945946,1.0,0.022611098824743592,inf,0.9429206819866568,0.3063063063063063,1.0,0.6531531531531531
Signature Whisky,Choila,0.024584237165582067,0.08026030368763558,0.024584237165582067,1.0,12.45945945945946,1.0,0.022611098824743592,inf,0.9429206819866568,0.3063063063063063,1.0,0.6531531531531531
Choila,"Sekuwa,Signature Whisky,Gorkha Beer",0.08026030368763558,0.024584237165582067,0.024584237165582067,0.3063063063063063,12.45945945945946,1.0,0.022611098824743592,1.406118826943122,1.0,0.3063063063063063,0.2888225512391561,0.6531531531531531
"Sekuwa,Signature Whisky,Gorkha Beer",Choila,0.024584237165582067,0.08026030368763558,0.024584237165582067,1.0,12.45945945945946,1.0,0.022611098824743592,inf,0.9429206819866568,0.3063063063063063,1.0,0.6531531531531531
"Choila,Gorkha Beer","Sekuwa,Signature Whisky",0.08026030368763558,0.024584237165582067,0.024584237165582067,0.3063063063063063,12.45945945945946,1.0,0.022611098824743592,1.406118826943122,1.0,0.3063063063063063,0.2888225512391561,0.6531531531531531
"Nepal Ice,Momo,Gorkha Beer",Choila,0.05567606652205351,0.08026030368763558,0.05567606652205351,1.0,12.45945945945946,1.0,0.05120748851486049,inf,0.9739663093415006,0.6936936936936938,1.0,0.8468468468468469
"Nepal Ice,Momo","Choila,Gorkha Beer",0.05567606652205351,0.08026030368763558,0.05567606652205351,1.0,12.45945945945946,1.0,0.05120748851486049,inf,0.9739663093415006,0.6936936936936938,1.0,0.8468468468468469
Choila,Signature Whisky,0.08026030368763558,0.024584237165582067,0.024584237165582067,0.3063063063063063,12.45945945945946,1.0,0.022611098824743592,1.406118826943122,1.0,0.3063063063063063,0.2888225512391561,0.6531531531531531
Choila,"Nepal Ice,Momo,Gorkha Beer",0.08026030368763558,0.05567606652205351,0.05567606652205351,0.6936936936936937,12.45945945945946,1.0,0.05120748851486049,3.0829399004721196,1.0,0.6936936936936938,0.6756342866603203,0.8468468468468469
Biryani,"Fresh Lime Soda,Classic Mojito",0.049168474331164135,0.06073752711496746,0.0368763557483731,0.75,12.348214285714286,1.0,0.033889984205482435,3.75704989154013,0.9665399239543726,0.504950495049505,0.7338337182448037,0.6785714285714286
"Fresh Lime Soda,Classic Mojito",Biryani,0.06073752711496746,0.049168474331164135,0.0368763557483731,0.6071428571428571,12.348214285714285,1.0,0.033889984205482435,2.4202984289752183,0.9784449576597383,0.504950495049505,0.5868278109722976,0.6785714285714286
Old Durbar,"Sekuwa,Buff Sukuti",0.08387563268257411,0.035430224150397684,0.035430224150397684,0.4224137931034483,11.92241379310345,1.0,0.03245849168369766,1.6700014029634906,1.0,0.42241379310344823,0.4011981078426304,0.7112068965517242
Old Durbar,"Sekuwa,Buff Sukuti,Gorkha Beer",0.08387563268257411,0.035430224150397684,0.035430224150397684,0.4224137931034483,11.92241379310345,1.0,0.03245849168369766,1.6700014029634906,1.0,0.42241379310344823,0.4011981078426304,0.7112068965517242
"Sekuwa,Buff Sukuti,Gorkha Beer",Old Durbar,0.035430224150397684,0.08387563268257411,0.035430224150397684,1.0,11.922413793103448,1.0,0.03245849168369766,inf,0.9497751124437781,0.42241379310344823,1.0,0.7112068965517242
Old Durbar,Khasi ko Masu,0.08387563268257411,0.025307302964569775,0.025307302964569775,0.3017241379310345,11.922413793103448,1.0,0.0231846369169269,1.3958562081001222,1.0,0.3017241379310345,0.28359382993962956,0.6508620689655172
Grill Platter,Old Durbar,0.023138105567606652,0.08387563268257411,0.023138105567606652,1.0,11.922413793103448,1.0,0.021197382324047453,inf,0.9378238341968911,0.27586206896551724,1.0,0.6379310344827587
Khasi ko Masu,Old Durbar,0.025307302964569775,0.08387563268257411,0.025307302964569775,1.0,11.922413793103448,1.0,0.0231846369169269,inf,0.9399109792284865,0.3017241379310345,1.0,0.6508620689655172
"Sekuwa,Buff Sukuti",Old Durbar,0.035430224150397684,0.08387563268257411,0.035430224150397684,1.0,11.922413793103448,1.0,0.03245849168369766,inf,0.9497751124437781,0.42241379310344823,1.0,0.7112068965517242
"Grill Platter,Gorkha Beer",Old Durbar,0.023138105567606652,0.08387563268257411,0.023138105567606652,1.0,11.922413793103448,1.0,0.021197382324047453,inf,0.9378238341968911,0.27586206896551724,1.0,0.6379310344827587
Bread Omelette,"Coffee,Tea",0.064352856109906,0.08749096167751265,0.064352856109906,1.0,11.429752066115704,1.0,0.058722562842155726,inf,0.9752704791344667,0.7355371900826446,1.0,0.8677685950413223
"Soup,Momo","Coffee,Tea",0.023138105567606652,0.08749096167751265,0.023138105567606652,1.0,11.429752066115704,1.0,0.021113730460100937,inf,0.9341228719467062,0.2644628099173554,1.0,0.6322314049586777
"Coffee,Tea",Bread Omelette,0.08749096167751265,0.064352856109906,0.064352856109906,0.7355371900826446,11.429752066115702,1.0,0.058722562842155726,3.5379157628344178,1.0,0.7355371900826446,0.7173477077931202,0.8677685950413223
"Old Durbar,Gorkha Beer",Buff Sukuti,0.05856832971800434,0.0549530007230658,0.035430224150397684,0.6049382716049383,11.008284600389864,1.0,0.032211718685055436,2.39215021691974,0.9657199285244052,0.45370370370370366,0.5819660517441696,0.6248375568551008
Buff Sukuti,"Old Durbar,Gorkha Beer",0.0549530007230658,0.05856832971800434,0.035430224150397684,0.6447368421052632,11.008284600389864,1.0,0.032211718685055436,2.6499558126456177,0.9620255141077089,0.45370370370370366,0.6226352170749454,0.6248375568551008
"Samosa,Classic Mojito",Fresh Lime Soda,0.02386117136659436,0.09544468546637744,0.02386117136659436,1.0,10.477272727272728,1.0,0.02158374937065043,inf,0.9266666666666666,0.25,1.0,0.625
"Biryani,Classic Mojito",Fresh Lime Soda,0.0368763557483731,0.09544468546637744,0.0368763557483731,1.0,10.477272727272728,1.0,0.03335670357282339,inf,0.939189189189189,0.3863636363636364,1.0,0.6931818181818181
"French Fries,Classic Mojito",Fresh Lime Soda,0.02386117136659436,0.09544468546637744,0.02386117136659436,1.0,10.477272727272728,1.0,0.02158374937065043,inf,0.9266666666666666,0.25,1.0,0.625
"Sadeko,Chatpate",Fresh Lime Soda,0.022415039768618944,0.09544468546637744,0.022415039768618944,1.0,10.477272727272728,1.0,0.020275643348186767,inf,0.9252958579881657,0.23484848484848486,1.0,0.6174242424242424
"Samosa,French Fries",Fresh Lime Soda,0.02386117136659436,0.09544468546637744,0.02386117136659436,1.0,10.477272727272728,1.0,0.02158374937065043,inf,0.9266666666666666,0.25,1.0,0.625
"Samosa,French Fries,Classic Mojito",Fresh Lime Soda,0.02386117136659436,0.09544468546637744,0.02386117136659436,1.0,10.477272727272728,1.0,0.02158374937065043,inf,0.9266666666666666,0.25,1.0,0.625
Ginger Lemonade,Fresh Lime Soda,0.022415039768618944,0.09544468546637744,0.022415039768618944,1.0,10.477272727272728,1.0,0.020275643348186767,inf,0.9252958579881657,0.23484848484848486,1.0,0.6174242424242424
Sadeko,Fresh Lime Soda,0.022415039768618944,0.09544468546637744,0.022415039768618944,1.0,10.477272727272728,1.0,0.020275643348186767,inf,0.9252958579881657,0.23484848484848486,1.0,0.6174242424242424
Samosa,Fresh Lime Soda,0.02386117136659436,0.09544468546637744,0.02386117136659436,1.0,10.477272727272728,1.0,0.02158374937065043,inf,0.9266666666666666,0.25,1.0,0.625
"Sadeko,Chatpate,Ginger Lemonade",Fresh Lime Soda,0.022415039768618944,0.09544468546637744,0.022415039768618944,1.0,10.477272727272728,1.0,0.020275643348186767,inf,0.9252958579881657,0.23484848484848486,1.0,0.6174242424242424
"Chatpate,Ginger Lemonade",Fresh Lime Soda,0.022415039768618944,0.09544468546637744,0.022415039768618944,1.0,10.477272727272728,1.0,0.020275643348186767,inf,0.9252958579881657,0.23484848484848486,1.0,0.6174242424242424
"Sadeko,Ginger Lemonade",Fresh Lime Soda,0.022415039768618944,0.09544468546637744,0.022415039768618944,1.0,10.477272727272728,1.0,0.020275643348186767,inf,0.9252958579881657,0.23484848484848486,1.0,0.6174242424242424
Biryani,Fresh Lime Soda,0.049168474331164135,0.09544468546637744,0.049168474331164135,1.0,10.477272727272728,1.0,0.04447560476376452,inf,0.9513307984790874,0.5151515151515151,1.0,0.7575757575757576
Fresh Lime Soda,"Biryani,Classic Mojito",0.09544468546637744,0.0368763557483731,0.0368763557483731,0.38636363636363635,10.477272727272728,1.0,0.03335670357282339,1.569534827669318,1.0,0.3863636363636364,0.36286855036855037,0.6931818181818181
Fresh Lime Soda,Biryani,0.09544468546637744,0.049168474331164135,0.049168474331164135,0.5151515151515151,10.477272727272727,1.0,0.04447560476376452,1.961090021691974,1.0,0.5151515151515151,0.49007950224680263,0.7575757575757576
Rasbari,"Tea,Thakali Khana Set",0.05133767172812726,0.10484454085321765,0.05133767172812726,1.0,9.537931034482758,1.0,0.045955197107318546,inf,0.9435975609756098,0.4896551724137931,1.0,0.7448275862068965
Thakali Khana Set,"Rasbari,Tea",0.10484454085321765,0.05133767172812726,0.05133767172812726,0.4896551724137931,9.537931034482758,1.0,0.045955197107318546,1.8588653729651559,1.0,0.4896551724137931,0.46203742640874684,0.7448275862068965
Rasbari,Thakali Khana Set,0.05133767172812726,0.10484454085321765,0.05133767172812726,1.0,9.537931034482758,1.0,0.045955197107318546,inf,0.9435975609756098,0.4896551724137931,1.0,0.7448275862068965
"Tea,Thakali Khana Set",Rasbari,0.10484454085321765,0.05133767172812726,0.05133767172812726,0.4896551724137931,9.537931034482758,1.0,0.045955197107318546,1.8588653729651559,1.0,0.4896551724137931,0.46203742640874684,0.7448275862068965
"Rasbari,Tea",Thakali Khana Set,0.05133767172812726,0.10484454085321765,0.05133767172812726,1.0,9.537931034482758,1.0,0.045955197107318546,inf,0.9435975609756098,0.4896551724137931,1.0,0.7448275862068965
Thakali Khana Set,Rasbari,0.10484454085321765,0.05133767172812726,0.05133767172812726,0.4896551724137931,9.537931034482758,1.0,0.045955197107318546,1.8588653729651559,1.0,0.4896551724137931,0.46203742640874684,0.7448275862068965
Biryani,Classic Mojito,0.049168474331164135,0.07953723788864786,0.0368763557483731,0.75,9.429545454545455,1.0,0.03296563110887342,3.6818510484454086,0.9401774397972116,0.40157480314960625,0.7283974862529458,0.6068181818181818
Classic Mojito,"Fresh Lime Soda,Biryani",0.07953723788864786,0.049168474331164135,0.0368763557483731,0.4636363636363636,9.429545454545455,1.0,0.03296563110887342,1.772736742772406,0.971196648337261,0.40157480314960625,0.4359004493605254,0.6068181818181818
"Fresh Lime Soda,Biryani",Classic Mojito,0.049168474331164135,0.07953723788864786,0.0368763557483731,0.75,9.429545454545455,1.0,0.03296563110887342,3.6818510484454086,0.9401774397972116,0.40157480314960625,0.7283974862529458,0.6068181818181818
Classic Mojito,Biryani,0.07953723788864786,0.049168474331164135,0.0368763557483731,0.4636363636363636,9.429545454545455,1.0,0.03296563110887342,1.772736742772406,0.971196648337261,0.40157480314960625,0.4359004493605254,0.6068181818181818
"Nepal Ice,Gorkha Beer",Choila,0.07519884309472162,0.08026030368763558,0.05567606652205351,0.7403846153846155,9.2247920997921,1.0,0.04964058453831229,3.5427010524624425,0.9640953260968899,0.5579710144927537,0.7177294992743107,0.7170391545391546
"Choila,Gorkha Beer",Nepal Ice,0.08026030368763558,0.07519884309472162,0.05567606652205351,0.6936936936936937,9.2247920997921,1.0,0.04964058453831229,3.019203776955468,0.9694008821367313,0.5579710144927537,0.6687868478329777,0.7170391545391546
Nepal Ice,"Choila,Gorkha Beer",0.07519884309472162,0.08026030368763558,0.05567606652205351,0.7403846153846155,9.2247920997921,1.0,0.04964058453831229,3.5427010524624425,0.9640953260968899,0.5579710144927537,0.7177294992743107,0.7170391545391546
Choila,"Nepal Ice,Gorkha Beer",0.08026030368763558,0.07519884309472162,0.05567606652205351,0.6936936936936937,9.2247920997921,1.0,0.04964058453831229,3.019203776955468,0.9694008821367313,0.5579710144927537,0.6687868478329777,0.7170391545391546
Choila,Nepal Ice,0.08026030368763558,0.07519884309472162,0.05567606652205351,0.6936936936936937,9.2247920997921,1.0,0.04964058453831229,3.019203776955468,0.9694008821367313,0.5579710144927537,0.6687868478329777,0.7170391545391546
Nepal Ice,Choila,0.07519884309472162,0.08026030368763558,0.05567606652205351,0.7403846153846155,9.2247920997921,1.0,0.04964058453831229,3.5427010524624425,0.9640953260968899,0.5579710144927537,0.7177294992743107,0.7170391545391546
French Fries,"Momo,Cold Drinks",0.06796818510484454,0.07158351409978309,0.044107013738250184,0.6489361702127661,9.065441650548035,1.0,0.03924161220146088,2.6445802931703155,0.954571468542141,0.46212121212121215,0.6218681646450588,0.6325488931871911
"Momo,Cold Drinks",French Fries,0.07158351409978309,0.06796818510484454,0.044107013738250184,0.6161616161616161,9.065441650548033,1.0,0.03924161220146088,2.428188149332115,0.9582886471579593,0.46212121212121215,0.5881702987986929,0.6325488931871911
"Momo,Gorkha Beer","Choila,Nepal Ice",0.11641359363702097,0.05567606652205351,0.05567606652205351,0.4782608695652174,8.590062111801242,1.0,0.04919461553864742,1.809954205832731,1.0,0.4782608695652174,0.4474998335441774,0.7391304347826086
"Choila,Nepal Ice","Momo,Gorkha Beer",0.05567606652205351,0.11641359363702097,0.05567606652205351,1.0,8.590062111801242,1.0,0.04919461553864742,inf,0.9356814701378253,0.4782608695652174,1.0,0.7391304347826086
"Old Durbar,Buff Sukuti","Sekuwa,Gorkha Beer",0.035430224150397684,0.12075198843094721,0.035430224150397684,1.0,8.281437125748504,1.0,0.031151954133682998,inf,0.911544227886057,0.29341317365269454,1.0,0.6467065868263473
Signature Whisky,"Sekuwa,Gorkha Beer",0.024584237165582067,0.12075198843094721,0.024584237165582067,1.0,8.281437125748504,1.0,0.021615641643780038,inf,0.9014084507042253,0.20359281437125748,1.0,0.6017964071856288
"Choila,Signature Whisky","Sekuwa,Gorkha Beer",0.024584237165582067,0.12075198843094721,0.024584237165582067,1.0,8.281437125748504,1.0,0.021615641643780038,inf,0.9014084507042253,0.20359281437125748,1.0,0.6017964071856288
Classic Mojito,Fresh Lime Soda,0.07953723788864786,0.09544468546637744,0.06073752711496746,0.7636363636363637,8.000826446280993,1.0,0.053146120461821024,3.8269647922576344,0.9506228257210189,0.5316455696202532,0.738696315674733,0.7
Fresh Lime Soda,Classic Mojito,0.09544468546637744,0.07953723788864786,0.06073752711496746,0.6363636363636364,8.000826446280993,1.0,0.053146120461821024,2.531272595806218,0.9673404133835788,0.5316455696202532,0.6049417981861029,0.7
Cold Drinks,"French Fries,Momo",0.1272595806218366,0.044107013738250184,0.044107013738250184,0.3465909090909091,7.857954545454546,1.0,0.03849397366743888,1.4629318746266782,1.0000000000000002,0.3465909090909091,0.31644117040297076,0.6732954545454546
"Momo,Tandoori",Cold Drinks,0.0274765003615329,0.1272595806218366,0.0274765003615329,1.0,7.857954545454545,1.0,0.02397985244856848,inf,0.8973977695167287,0.21590909090909088,1.0,0.6079545454545454
"French Fries,Momo",Cold Drinks,0.044107013738250184,0.1272595806218366,0.044107013738250184,1.0,7.857954545454545,1.0,0.03849397366743888,inf,0.9130105900151286,0.3465909090909091,1.0,0.6732954545454546
"French Toast,Coffee",Cold Drinks,0.03759942154736081,0.1272595806218366,0.03759942154736081,1.0,7.857954545454545,1.0,0.032814534929620026,inf,0.9068369646882043,0.29545454545454547,1.0,0.6477272727272727
"Coffee,Pancakes",Cold Drinks,0.03759942154736081,0.1272595806218366,0.03759942154736081,1.0,7.857954545454545,1.0,0.032814534929620026,inf,0.9068369646882043,0.29545454545454547,1.0,0.6477272727272727
Tandoori,Cold Drinks,0.0274765003615329,0.1272595806218366,0.0274765003615329,1.0,7.857954545454545,1.0,0.02397985244856848,inf,0.8973977695167287,0.21590909090909088,1.0,0.6079545454545454
"French Toast,Coffee,Pancakes",Cold Drinks,0.03759942154736081,0.1272595806218366,0.03759942154736081,1.0,7.857954545454545,1.0,0.032814534929620026,inf,0.9068369646882043,0.29545454545454547,1.0,0.6477272727272727
French Toast,Cold Drinks,0.03759942154736081,0.1272595806218366,0.03759942154736081,1.0,7.857954545454545,1.0,0.032814534929620026,inf,0.9068369646882043,0.29545454545454547,1.0,0.6477272727272727
Khukri Rum,Cold Drinks,0.0274765003615329,0.1272595806218366,0.0274765003615329,1.0,7.857954545454545,1.0,0.02397985244856848,inf,0.8973977695167287,0.21590909090909088,1.0,0.6079545454545454
"Momo,Khukri Rum",Cold Drinks,0.0274765003615329,0.1272595806218366,0.0274765003615329,1.0,7.857954545454545,1.0,0.02397985244856848,inf,0.8973977695167287,0.21590909090909088,1.0,0.6079545454545454
"Khukri Rum,Tandoori",Cold Drinks,0.0274765003615329,0.1272595806218366,0.0274765003615329,1.0,7.857954545454545,1.0,0.02397985244856848,inf,0.8973977695167287,0.21590909090909088,1.0,0.6079545454545454
"French Toast,Pancakes",Cold Drinks,0.03759942154736081,0.1272595806218366,0.03759942154736081,1.0,7.857954545454545,1.0,0.032814534929620026,inf,0.9068369646882043,0.29545454545454547,1.0,0.6477272727272727
Pancakes,Cold Drinks,0.03759942154736081,0.1272595806218366,0.03759942154736081,1.0,7.857954545454545,1.0,0.032814534929620026,inf,0.9068369646882043,0.29545454545454547,1.0,0.6477272727272727
"Momo,Khukri Rum,Tandoori",Cold Drinks,0.0274765003615329,0.1272595806218366,0.0274765003615329,1.0,7.857954545454545,1.0,0.02397985244856848,inf,0.8973977695167287,0.21590909090909088,1.0,0.6079545454545454
Old Durbar,"Buff Sukuti,Gorkha Beer",0.08387563268257411,0.0549530007230658,0.035430224150397684,0.4224137931034483,7.68681941923775,1.0,0.030821006446944587,1.636200774867528,0.9495514069874201,0.3426573426573426,0.3888280611033427,0.5335753176043557
Old Durbar,Buff Sukuti,0.08387563268257411,0.0549530007230658,0.035430224150397684,0.4224137931034483,7.68681941923775,1.0,0.030821006446944587,1.636200774867528,0.9495514069874201,0.3426573426573426,0.3888280611033427,0.5335753176043557
Buff Sukuti,Old Durbar,0.0549530007230658,0.08387563268257411,0.035430224150397684,0.6447368421052632,7.686819419237749,1.0,0.030821006446944587,2.5787204413379397,0.9204909201630155,0.3426573426573426,0.6122107755576788,0.5335753176043557
"Buff Sukuti,Gorkha Beer",Old Durbar,0.0549530007230658,0.08387563268257411,0.035430224150397684,0.6447368421052632,7.686819419237749,1.0,0.030821006446944587,2.5787204413379397,0.9204909201630155,0.3426573426573426,0.6122107755576788,0.5335753176043557
"Choila,Signature Whisky,Gorkha Beer",Sekuwa,0.024584237165582067,0.15328994938539406,0.024584237165582067,1.0,6.523584905660378,1.0,0.02081572069479147,inf,0.8680504077094144,0.16037735849056606,1.0,0.5801886792452831
Signature Whisky,Sekuwa,0.024584237165582067,0.15328994938539406,0.024584237165582067,1.0,6.523584905660378,1.0,0.02081572069479147,inf,0.8680504077094144,0.16037735849056606,1.0,0.5801886792452831
"Signature Whisky,Gorkha Beer",Sekuwa,0.024584237165582067,0.15328994938539406,0.024584237165582067,1.0,6.523584905660378,1.0,0.02081572069479147,inf,0.8680504077094144,0.16037735849056606,1.0,0.5801886792452831
"Old Durbar,Buff Sukuti",Sekuwa,0.035430224150397684,0.15328994938539406,0.035430224150397684,1.0,6.523584905660378,1.0,0.029999126883670055,inf,0.8778110944527735,0.23113207547169812,1.0,0.6155660377358491
"Choila,Signature Whisky",Sekuwa,0.024584237165582067,0.15328994938539406,0.024584237165582067,1.0,6.523584905660378,1.0,0.02081572069479147,inf,0.8680504077094144,0.16037735849056606,1.0,0.5801886792452831
Gorkha Strong,Sekuwa,0.03253796095444685,0.15328994938539406,0.03253796095444685,1.0,6.523584905660378,1.0,0.027550218566635767,inf,0.8751868460388641,0.21226415094339623,1.0,0.6061320754716981
"Old Durbar,Buff Sukuti,Gorkha Beer",Sekuwa,0.035430224150397684,0.15328994938539406,0.035430224150397684,1.0,6.523584905660378,1.0,0.029999126883670055,inf,0.8778110944527735,0.23113207547169812,1.0,0.6155660377358491
Nepal Ice,"Momo,Gorkha Beer",0.07519884309472162,0.11641359363702097,0.05567606652205351,0.7403846153846155,6.3599498327759205,1.0,0.04692189896005049,3.4034439356203654,0.9112943350629044,0.40957446808510634,0.7061799697847163,0.6093227424749165
"Momo,Gorkha Beer",Nepal Ice,0.11641359363702097,0.07519884309472162,0.05567606652205351,0.4782608695652174,6.35994983277592,1.0,0.04692189896005049,1.772535550735117,0.9538015176313049,0.40957446808510634,0.43583642111704113,0.6093227424749165
Soup,"Coffee,Tea",0.04266088214027477,0.08749096167751265,0.023138105567606652,0.5423728813559321,6.199187561283092,1.0,0.01940566396314299,1.9940012318898792,0.8760621223564955,0.21621621621621623,0.49849579628784,0.40341784563664373
"Momo,Gorkha Beer",Choila,0.11641359363702097,0.08026030368763558,0.05567606652205351,0.4782608695652174,5.9588719153936545,1.0,0.0463326761433772,1.7628344179320319,0.941824133313495,0.3948717948717948,0.43273174733388026,0.5859772816294555
Choila,"Momo,Gorkha Beer",0.08026030368763558,0.11641359363702097,0.05567606652205351,0.6936936936936937,5.9588719153936545,1.0,0.0463326761433772,2.8846497384203142,0.904802744425386,0.3948717948717948,0.6533374618481002,0.5859772816294555
"Fresh Lime Soda,Classic Mojito",French Fries,0.06073752711496746,0.06796818510484454,0.02386117136659436,0.39285714285714285,5.78001519756839,1.0,0.019732951880833738,1.535111224533197,0.8804674924767304,0.2275862068965517,0.3485814030810152,0.3719604863221885
French Fries,"Fresh Lime Soda,Classic Mojito",0.06796818510484454,0.06073752711496746,0.02386117136659436,0.35106382978723405,5.78001519756839,1.0,0.019732951880833738,1.447388072970378,0.8872981169334933,0.2275862068965517,0.3091002899120437,0.3719604863221885
Coffee,"Bread Omelette,Tea",0.175704989154013,0.064352856109906,0.064352856109906,0.3662551440329218,5.691358024691358,1.0,0.05304573822508521,1.4763782854889145,1.0,0.3662551440329218,0.32266681931803004,0.6831275720164609
French Toast,Coffee,0.03759942154736081,0.175704989154013,0.03759942154736081,1.0,5.691358024691358,1.0,0.030993015592184616,inf,0.8564988730277986,0.21399176954732513,1.0,0.6069958847736625
Continental Breakfast,Coffee,0.05061460592913955,0.175704989154013,0.05061460592913955,1.0,5.691358024691358,1.0,0.041721367143325444,inf,0.8682406702208684,0.2880658436213992,1.0,0.6440329218106996
"French Toast,Pancakes,Cold Drinks",Coffee,0.03759942154736081,0.175704989154013,0.03759942154736081,1.0,5.691358024691358,1.0,0.030993015592184616,inf,0.8564988730277986,0.21399176954732513,1.0,0.6069958847736625
"Soup,Tea,Momo",Coffee,0.023138105567606652,0.175704989154013,0.023138105567606652,1.0,5.691358024691358,1.0,0.019072624979805917,inf,0.8438193930421909,0.13168724279835392,1.0,0.565843621399177
"Tea,Momo",Coffee,0.023138105567606652,0.175704989154013,0.023138105567606652,1.0,5.691358024691358,1.0,0.019072624979805917,inf,0.8438193930421909,0.13168724279835392,1.0,0.565843621399177
"Bread Omelette,Tea",Coffee,0.064352856109906,0.175704989154013,0.064352856109906,1.0,5.691358024691358,1.0,0.05304573822508521,inf,0.8809891808346214,0.3662551440329218,1.0,0.6831275720164609
"Soup,Momo",Coffee,0.023138105567606652,0.175704989154013,0.023138105567606652,1.0,5.691358024691358,1.0,0.019072624979805917,inf,0.8438193930421909,0.13168724279835392,1.0,0.565843621399177
Coffee,Bread Omelette,0.175704989154013,0.064352856109906,0.064352856109906,0.3662551440329218,5.691358024691358,1.0,0.05304573822508521,1.4763782854889145,1.0,0.3662551440329218,0.32266681931803004,0.6831275720164609
Bread Omelette,Coffee,0.064352856109906,0.175704989154013,0.064352856109906,1.0,5.691358024691358,1.0,0.05304573822508521,inf,0.8809891808346214,0.3662551440329218,1.0,0.6831275720164609
"French Toast,Pancakes",Coffee,0.03759942154736081,0.175704989154013,0.03759942154736081,1.0,5.691358024691358,1.0,0.030993015592184616,inf,0.8564988730277986,0.21399176954732513,1.0,0.6069958847736625
"French Toast,Cold Drinks",Coffee,0.03759942154736081,0.175704989154013,0.03759942154736081,1.0,5.691358024691358,1.0,0.030993015592184616,inf,0.8564988730277986,0.21399176954732513,1.0,0.6069958847736625
"Pancakes,Cold Drinks",Coffee,0.03759942154736081,0.175704989154013,0.03759942154736081,1.0,5.691358024691358,1.0,0.030993015592184616,inf,0.8564988730277986,0.21399176954732513,1.0,0.6069958847736625
Pancakes,Coffee,0.03759942154736081,0.175704989154013,0.03759942154736081,1.0,5.691358024691358,1.0,0.030993015592184616,inf,0.8564988730277986,0.21399176954732513,1.0,0.6069958847736625
Chatpate,Fresh Lime Soda,0.04193781634128706,0.09544468546637744,0.022415039768618944,0.5344827586206896,5.599921630094044,1.0,0.018412298078778096,1.9431188238129669,0.8573828362751064,0.1949685534591195,0.485363433391218,0.38466562173458724
Buff Sukuti,"Sekuwa,Gorkha Beer",0.0549530007230658,0.12075198843094721,0.035430224150397684,0.6447368421052632,5.339347620548377,1.0,0.028794540042840207,2.4749203288610375,0.8599690832721765,0.25257731958762886,0.5959465893351801,0.46907500787897893
Cold Drinks,French Fries,0.1272595806218366,0.06796818510484454,0.044107013738250184,0.3465909090909091,5.09931092843327,1.0,0.03545741100618031,1.4264139080134555,0.9211158949841771,0.291866028708134,0.2989412158826434,0.4977635396518376
French Fries,Cold Drinks,0.06796818510484454,0.1272595806218366,0.044107013738250184,0.6489361702127661,5.09931092843327,1.0,0.03545741100618031,2.4859878612590114,0.8625189179564792,0.291866028708134,0.5977454212131362,0.4977635396518376
Grill Platter,Gorkha Beer,0.023138105567606652,0.21908893709327548,0.023138105567606652,1.0,4.564356435643565,1.0,0.018068802612447712,inf,0.7994078460399704,0.10561056105610561,1.0,0.5528052805280528
"Choila,Sekuwa,Signature Whisky",Gorkha Beer,0.024584237165582067,0.21908893709327548,0.024584237165582067,1.0,4.564356435643565,1.0,0.019198102775725694,inf,0.8005930318754634,0.11221122112211221,1.0,0.5561056105610561
Choila,Gorkha Beer,0.08026030368763558,0.21908893709327548,0.08026030368763558,1.0,4.564356435643565,1.0,0.062676159061928,inf,0.8490566037735849,0.3663366336633664,1.0,0.6831683168316831
"Sekuwa,Old Durbar,Buff Sukuti",Gorkha Beer,0.035430224150397684,0.21908893709327548,0.035430224150397684,1.0,4.564356435643565,1.0,0.027667854000310556,inf,0.8095952023988006,0.16171617161716167,1.0,0.5808580858085809
"Old Durbar,Buff Sukuti",Gorkha Beer,0.035430224150397684,0.21908893709327548,0.035430224150397684,1.0,4.564356435643565,1.0,0.027667854000310556,inf,0.8095952023988006,0.16171617161716167,1.0,0.5808580858085809
"Sekuwa,Signature Whisky",Gorkha Beer,0.024584237165582067,0.21908893709327548,0.024584237165582067,1.0,4.564356435643565,1.0,0.019198102775725694,inf,0.8005930318754634,0.11221122112211221,1.0,0.5561056105610561
Signature Whisky,Gorkha Beer,0.024584237165582067,0.21908893709327548,0.024584237165582067,1.0,4.564356435643565,1.0,0.019198102775725694,inf,0.8005930318754634,0.11221122112211221,1.0,0.5561056105610561
Nepal Ice,Gorkha Beer,0.07519884309472162,0.21908893709327548,0.07519884309472162,1.0,4.564356435643565,1.0,0.05872360849045506,inf,0.8444096950742768,0.3432343234323432,1.0,0.6716171617161716
"Choila,Nepal Ice,Momo",Gorkha Beer,0.05567606652205351,0.21908893709327548,0.05567606652205351,1.0,4.564356435643565,1.0,0.043478056286202306,inf,0.8269525267993874,0.25412541254125415,1.0,0.6270627062706271
"Sekuwa,Buff Sukuti",Gorkha Beer,0.035430224150397684,0.21908893709327548,0.035430224150397684,1.0,4.564356435643565,1.0,0.027667854000310556,inf,0.8095952023988006,0.16171617161716167,1.0,0.5808580858085809
"Choila,Nepal Ice",Gorkha Beer,0.05567606652205351,0.21908893709327548,0.05567606652205351,1.0,4.564356435643565,1.0,0.043478056286202306,inf,0.8269525267993874,0.25412541254125415,1.0,0.6270627062706271
"Choila,Sekuwa",Gorkha Beer,0.024584237165582067,0.21908893709327548,0.024584237165582067,1.0,4.564356435643565,1.0,0.019198102775725694,inf,0.8005930318754634,0.11221122112211221,1.0,0.5561056105610561
"Old Durbar,Grill Platter",Gorkha Beer,0.023138105567606652,0.21908893709327548,0.023138105567606652,1.0,4.564356435643565,1.0,0.018068802612447712,inf,0.7994078460399704,0.10561056105610561,1.0,0.5528052805280528
"Sekuwa,Momo",Gorkha Beer,0.06073752711496746,0.21908893709327548,0.06073752711496746,1.0,4.564356435643565,1.0,0.04743060685767524,inf,0.8314087759815242,0.27722772277227725,1.0,0.6386138613861386
"Old Durbar,Sekuwa",Gorkha Beer,0.035430224150397684,0.21908893709327548,0.035430224150397684,1.0,4.564356435643565,1.0,0.027667854000310556,inf,0.8095952023988006,0.16171617161716167,1.0,0.5808580858085809
"Choila,Signature Whisky",Gorkha Beer,0.024584237165582067,0.21908893709327548,0.024584237165582067,1.0,4.564356435643565,1.0,0.019198102775725694,inf,0.8005930318754634,0.11221122112211221,1.0,0.5561056105610561
"Choila,Momo",Gorkha Beer,0.05567606652205351,0.21908893709327548,0.05567606652205351,1.0,4.564356435643565,1.0,0.043478056286202306,inf,0.8269525267993874,0.25412541254125415,1.0,0.6270627062706271
Buff Sukuti,Gorkha Beer,0.0549530007230658,0.21908893709327548,0.0549530007230658,1.0,4.564356435643565,1.0,0.04291340620456331,inf,0.8263198163733741,0.2508250825082508,1.0,0.6254125412541254
"Nepal Ice,Momo",Gorkha Beer,0.05567606652205351,0.21908893709327548,0.05567606652205351,1.0,4.564356435643565,1.0,0.043478056286202306,inf,0.8269525267993874,0.25412541254125415,1.0,0.6270627062706271
Gorkha Beer,Nepal Ice,0.21908893709327548,0.07519884309472162,0.07519884309472162,0.3432343234323432,4.564356435643564,1.0,0.05872360849045506,1.4081143243331624,1.0,0.3432343234323432,0.2898303903885306,0.6716171617161716
Gorkha Beer,Choila,0.21908893709327548,0.08026030368763558,0.08026030368763558,0.36633663366336633,4.564356435643564,1.0,0.062676159061928,1.45146420824295,1.0,0.3663366336633664,0.31104053801606574,0.6831683168316831
French Fries,Classic Mojito,0.06796818510484454,0.07953723788864786,0.02386117136659436,0.35106382978723405,4.413829787234043,1.0,0.01845516965905069,1.4184180268601165,0.8298422549780193,0.19298245614035087,0.2949892196353061,0.325531914893617
Classic Mojito,French Fries,0.07953723788864786,0.06796818510484454,0.02386117136659436,0.3,4.413829787234043,1.0,0.01845516965905069,1.3314740212787934,0.8402723225975387,0.19298245614035087,0.24895267649340574,0.325531914893617
"Buff Sukuti,Gorkha Beer",Sekuwa,0.0549530007230658,0.15328994938539406,0.035430224150397684,0.6447368421052632,4.205995531281033,1.0,0.027006481450983402,2.3833319943225946,0.8065674624861421,0.20502092050209203,0.580419344689649,0.43793445878848064
Buff Sukuti,Sekuwa,0.0549530007230658,0.15328994938539406,0.035430224150397684,0.6447368421052632,4.205995531281033,1.0,0.027006481450983402,2.3833319943225946,0.8065674624861421,0.20502092050209203,0.580419344689649,0.43793445878848064
"Khukri Rum,Tandoori,Cold Drinks",Momo,0.0274765003615329,0.24150397686189443,0.0274765003615329,1.0,4.140718562874252,1.0,0.020840816253975422,inf,0.7799256505576209,0.11377245508982035,1.0,0.5568862275449101
Mango Mojito,Momo,0.03036876355748373,0.24150397686189443,0.03036876355748373,1.0,4.140718562874252,1.0,0.023034586385972836,inf,0.7822520507084266,0.12574850299401197,1.0,0.562874251497006
Tandoori,Momo,0.0274765003615329,0.24150397686189443,0.0274765003615329,1.0,4.140718562874252,1.0,0.020840816253975422,inf,0.7799256505576209,0.11377245508982035,1.0,0.5568862275449101
"Coffee,Soup,Tea",Momo,0.023138105567606652,0.24150397686189443,0.023138105567606652,1.0,4.140718562874252,1.0,0.017550161055979306,inf,0.7764618800888231,0.09580838323353293,1.0,0.5479041916167665
"Spring Roll,Mango Mojito",Momo,0.03036876355748373,0.24150397686189443,0.03036876355748373,1.0,4.140718562874252,1.0,0.023034586385972836,inf,0.7822520507084266,0.12574850299401197,1.0,0.562874251497006
"Strawberry Mojito,Spring Roll",Momo,0.03036876355748373,0.24150397686189443,0.03036876355748373,1.0,4.140718562874252,1.0,0.023034586385972836,inf,0.7822520507084266,0.12574850299401197,1.0,0.562874251497006
Spring Roll,Momo,0.03036876355748373,0.24150397686189443,0.03036876355748373,1.0,4.140718562874252,1.0,0.023034586385972836,inf,0.7822520507084266,0.12574850299401197,1.0,0.562874251497006
Strawberry Mojito,Momo,0.03036876355748373,0.24150397686189443,0.03036876355748373,1.0,4.140718562874252,1.0,0.023034586385972836,inf,0.7822520507084266,0.12574850299401197,1.0,0.562874251497006
"Khukri Rum,Cold Drinks",Momo,0.0274765003615329,0.24150397686189443,0.0274765003615329,1.0,4.140718562874252,1.0,0.020840816253975422,inf,0.7799256505576209,0.11377245508982035,1.0,0.5568862275449101
"Coffee,Soup",Momo,0.023138105567606652,0.24150397686189443,0.023138105567606652,1.0,4.140718562874252,1.0,0.017550161055979306,inf,0.7764618800888231,0.09580838323353293,1.0,0.5479041916167665
"French Fries,Cold Drinks",Momo,0.044107013738250184,0.24150397686189443,0.044107013738250184,1.0,4.140718562874252,1.0,0.03345499451296055,inf,0.7934947049924357,0.18263473053892218,1.0,0.5913173652694611
"Tandoori,Cold Drinks",Momo,0.0274765003615329,0.24150397686189443,0.0274765003615329,1.0,4.140718562874252,1.0,0.020840816253975422,inf,0.7799256505576209,0.11377245508982035,1.0,0.5568862275449101
"Strawberry Mojito,Spring Roll,Mango Mojito",Momo,0.03036876355748373,0.24150397686189443,0.03036876355748373,1.0,4.140718562874252,1.0,0.023034586385972836,inf,0.7822520507084266,0.12574850299401197,1.0,0.562874251497006
"Choila,Nepal Ice",Momo,0.05567606652205351,0.24150397686189443,0.05567606652205351,1.0,4.140718562874252,1.0,0.0422300750409502,inf,0.8032159264931086,0.23053892215568864,1.0,0.6152694610778443
Khukri Rum,Momo,0.0274765003615329,0.24150397686189443,0.0274765003615329,1.0,4.140718562874252,1.0,0.020840816253975422,inf,0.7799256505576209,0.11377245508982035,1.0,0.5568862275449101
"Choila,Nepal Ice,Gorkha Beer",Momo,0.05567606652205351,0.24150397686189443,0.05567606652205351,1.0,4.140718562874252,1.0,0.0422300750409502,inf,0.8032159264931086,0.23053892215568864,1.0,0.6152694610778443
"Khukri Rum,Tandoori",Momo,0.0274765003615329,0.24150397686189443,0.0274765003615329,1.0,4.140718562874252,1.0,0.020840816253975422,inf,0.7799256505576209,0.11377245508982035,1.0,0.5568862275449101
"Strawberry Mojito,Mango Mojito",Momo,0.03036876355748373,0.24150397686189443,0.03036876355748373,1.0,4.140718562874252,1.0,0.023034586385972836,inf,0.7822520507084266,0.12574850299401197,1.0,0.562874251497006
"Old Durbar,Gorkha Beer",Sekuwa,0.05856832971800434,0.15328994938539406,0.035430224150397684,0.6049382716049383,3.9463661774982532,1.0,0.026452287852337726,2.1432348156182215,0.793049938869557,0.20081967213114754,0.5334155675744062,0.4180351735383182
French Fries,Fresh Lime Soda,0.06796818510484454,0.09544468546637744,0.02386117136659436,0.35106382978723405,3.6781914893617023,1.0,0.017373969317541954,1.3939049109206643,0.7812257564003104,0.17098445595854922,0.28259094851778155,0.300531914893617
Gorkha Beer,Sekuwa,0.21908893709327548,0.15328994938539406,0.12075198843094721,0.5511551155115512,3.595507192228657,1.0,0.08716785635301924,1.8864201862957763,0.9244011976047906,0.4798850574712643,0.46989540969468424,0.6694454822840774
Sekuwa,Gorkha Beer,0.15328994938539406,0.21908893709327548,0.12075198843094721,0.7877358490566038,3.595507192228657,1.0,0.08716785635301924,3.6789587852494576,0.8525647253741877,0.4798850574712643,0.7281839622641509,0.6694454822840774
Old Durbar,"Sekuwa,Gorkha Beer",0.08387563268257411,0.12075198843094721,0.035430224150397684,0.4224137931034483,3.4981932686351436,1.0,0.025302074723073116,1.5222801394329868,0.7795209638709469,0.20940170940170935,0.34309068738656995,0.3579134833780715
"Momo,Gorkha Beer",Sekuwa,0.11641359363702097,0.15328994938539406,0.06073752711496746,0.5217391304347826,3.403609515996719,1.0,0.04289249323857668,1.770393742194176,0.7992362247681397,0.29065743944636674,0.43515390041955965,0.4589827727645611
Sekuwa,"Momo,Gorkha Beer",0.15328994938539406,0.11641359363702097,0.06073752711496746,0.39622641509433965,3.4036095159967186,1.0,0.04289249323857668,1.4634399855386842,0.834044975804156,0.29065743944636674,0.31667850415341386,0.4589827727645611
Old Durbar,Gorkha Beer,0.08387563268257411,0.21908893709327548,0.05856832971800434,0.6982758620689654,3.1871799248890404,1.0,0.040192106505553174,2.588162379919429,0.7490718816685668,0.23964497041420119,0.613625478927203,0.4828012973711163
Soup,Coffee,0.04266088214027477,0.175704989154013,0.023138105567606652,0.5423728813559321,3.0868382506800582,1.0,0.015642375733849048,1.801237245922712,0.706169750755287,0.11851851851851851,0.4448260481712755,0.33703006207714303
"Soup,Tea",Coffee,0.04266088214027477,0.175704989154013,0.023138105567606652,0.5423728813559321,3.0868382506800582,1.0,0.015642375733849048,1.801237245922712,0.706169750755287,0.11851851851851851,0.4448260481712755,0.33703006207714303
"Nepal Ice,Gorkha Beer",Momo,0.07519884309472162,0.24150397686189443,0.05567606652205351,0.7403846153846155,3.0657243205895908,1.0,0.03751524685926463,2.921614311346779,0.7286029060853142,0.2132963988919668,0.657723472904598,0.4854617687701521
Nepal Ice,Momo,0.07519884309472162,0.24150397686189443,0.05567606652205351,0.7403846153846155,3.0657243205895908,1.0,0.03751524685926463,2.921614311346779,0.7286029060853142,0.2132963988919668,0.657723472904598,0.4854617687701521
Choila,Momo,0.08026030368763558,0.24150397686189443,0.05567606652205351,0.6936936936936937,2.8723903544262828,1.0,0.03629288399734615,2.476266428480286,0.7087417299681451,0.2092391304347826,0.5961662329631825,0.46211630792469116
"Choila,Gorkha Beer",Momo,0.08026030368763558,0.24150397686189443,0.05567606652205351,0.6936936936936937,2.8723903544262828,1.0,0.03629288399734615,2.476266428480286,0.7087417299681451,0.2092391304347826,0.5961662329631825,0.46211630792469116
"Coffee,Soup",Tea,0.023138105567606652,0.3579175704989154,0.023138105567606652,1.0,2.793939393939394,1.0,0.01485657103690145,inf,0.6572908956328645,0.06464646464646465,1.0,0.5323232323232323
Bread Omelette,Tea,0.064352856109906,0.3579175704989154,0.064352856109906,1.0,2.793939393939394,1.0,0.04131983819638216,inf,0.6862442040185471,0.1797979797979798,1.0,0.5898989898989899
Aloo Paratha,Tea,0.04483007953723789,0.3579175704989154,0.04483007953723789,1.0,2.793939393939394,1.0,0.02878460638399656,inf,0.6722180166540499,0.12525252525252525,1.0,0.5626262626262626
"Coffee,Soup,Momo",Tea,0.023138105567606652,0.3579175704989154,0.023138105567606652,1.0,2.793939393939394,1.0,0.01485657103690145,inf,0.6572908956328645,0.06464646464646465,1.0,0.5323232323232323
Nepali Breakfast,Tea,0.0636297903109183,0.3579175704989154,0.0636297903109183,1.0,2.793939393939394,1.0,0.04085557035147899,inf,0.6857142857142857,0.17777777777777778,1.0,0.5888888888888889
Thakali Khana Set,Tea,0.10484454085321765,0.3579175704989154,0.10484454085321765,1.0,2.793939393939394,1.0,0.06731883751095971,inf,0.717285945072698,0.29292929292929293,1.0,0.6464646464646464
"Coffee,Momo",Tea,0.023138105567606652,0.3579175704989154,0.023138105567606652,1.0,2.793939393939394,1.0,0.01485657103690145,inf,0.6572908956328645,0.06464646464646465,1.0,0.5323232323232323
"Rasbari,Thakali Khana Set",Tea,0.05133767172812726,0.3579175704989154,0.05133767172812726,1.0,2.793939393939394,1.0,0.03296301698812509,inf,0.6768292682926829,0.14343434343434344,1.0,0.5717171717171717
"Soup,Momo",Tea,0.023138105567606652,0.3579175704989154,0.023138105567606652,1.0,2.793939393939394,1.0,0.01485657103690145,inf,0.6572908956328645,0.06464646464646465,1.0,0.5323232323232323
"Coffee,Bread Omelette",Tea,0.064352856109906,0.3579175704989154,0.064352856109906,1.0,2.793939393939394,1.0,0.04131983819638216,inf,0.6862442040185471,0.1797979797979798,1.0,0.5898989898989899
Thakali Dhedo Set,Tea,0.03759942154736081,0.3579175704989154,0.03759942154736081,1.0,2.793939393939394,1.0,0.024141927934964856,inf,0.667167543200601,0.10505050505050505,1.0,0.5525252525252525
Rasbari,Tea,0.05133767172812726,0.3579175704989154,0.05133767172812726,1.0,2.793939393939394,1.0,0.03296301698812509,inf,0.6768292682926829,0.14343434343434344,1.0,0.5717171717171717
Soup,Tea,0.04266088214027477,0.3579175704989154,0.04266088214027477,1.0,2.793939393939394,1.0,0.02739180284928705,inf,0.6706948640483383,0.1191919191919192,1.0,0.5595959595959596
Old Durbar,Sekuwa,0.08387563268257411,0.15328994938539406,0.035430224150397684,0.4224137931034483,2.755652244632401,1.0,0.022572932661817993,1.4659457592730492,0.695439975516647,0.17562724014336917,0.31784652080449954,0.3267729342875732
French Fries,Momo,0.06796818510484454,0.24150397686189443,0.044107013738250184,0.6489361702127661,2.6870620461205252,1.0,0.02769242673534485,2.1605644295449076,0.6736318661053811,0.16621253405994552,0.5371579822728841,0.41578545037584413
Choila,"Sekuwa,Gorkha Beer",0.08026030368763558,0.12075198843094721,0.024584237165582067,0.3063063063063063,2.5366564168959376,1.0,0.014892645903228386,1.2674873933008421,0.6586431742508324,0.13934426229508196,0.21103751778093885,0.2549495603387819
Cold Drinks,Momo,0.1272595806218366,0.24150397686189443,0.07158351409978309,0.5625,2.3291541916167664,1.0,0.04084981928583267,1.7337051957442413,0.6538709380465803,0.24087591240875914,0.4232006673021926,0.4294535928143713
Soup,Momo,0.04266088214027477,0.24150397686189443,0.023138105567606652,0.5423728813559321,2.245813457830102,1.0,0.012835332874293729,1.6574542727832673,0.579446752265861,0.0886426592797784,0.3966651047809858,0.3190906322947325
"Soup,Tea",Momo,0.04266088214027477,0.24150397686189443,0.023138105567606652,0.5423728813559321,2.245813457830102,1.0,0.012835332874293729,1.6574542727832673,0.579446752265861,0.0886426592797784,0.3966651047809858,0.3190906322947325
Momo,Gorkha Beer,0.24150397686189443,0.21908893709327548,0.11641359363702097,0.48203592814371266,2.2001837908341737,1.0,0.06350274404254952,1.5076548844557573,0.7191765005417758,0.33823529411764713,0.33671823020625424,0.506694531728622
Gorkha Beer,Momo,0.21908893709327548,0.24150397686189443,0.11641359363702097,0.5313531353135313,2.2001837908341733,1.0,0.06350274404254952,1.6184809507806055,0.6985334713595582,0.33823529411764713,0.38213668840668624,0.506694531728622
"Sekuwa,Gorkha Beer",Momo,0.12075198843094721,0.24150397686189443,0.06073752711496746,0.502994011976048,2.0827566424038153,1.0,0.031575441694912235,1.5261305525790803,0.5912633145363407,0.20143884892086328,0.3447480634536457,0.377245508982036
"Choila,Gorkha Beer",Sekuwa,0.08026030368763558,0.15328994938539406,0.024584237165582067,0.3063063063063063,1.9982151963284038,1.0,0.012281139275648053,1.2205820210158604,0.5431465038845728,0.11764705882352941,0.18071872042837028,0.23334183239843614
Choila,Sekuwa,0.08026030368763558,0.15328994938539406,0.024584237165582067,0.3063063063063063,1.9982151963284038,1.0,0.012281139275648053,1.2205820210158604,0.5431465038845728,0.11764705882352941,0.18071872042837028,0.23334183239843614
Sekuwa,Momo,0.15328994938539406,0.24150397686189443,0.06073752711496746,0.39622641509433965,1.6406620720822507,1.0,0.023717394725436283,1.2562590383224874,0.46118498637712985,0.1818181818181818,0.2039858265733763,0.32386171054118185
Coffee,Tea,0.175704989154013,0.3579175704989154,0.08749096167751265,0.49794238683127573,1.3912208504801096,1.0,0.024603058834970035,1.2789018882685537,0.3411483253588517,0.19611021069692053,0.2180791903014125,0.37119341563786007
